/home/croger/atlas-venv/lib/python3.11/site-packages/torch/jit/_script.py:1643: FutureWarning: `torch.jit.interface` is deprecated. Please use `torch.compile` instead.
  warnings.warn(
Using device: cuda:0

#######################################################################
Please cite the following paper when using nnU-Net:
Isensee, F., Jaeger, P. F., Kohl, S. A., Petersen, J., & Maier-Hein, K. H. (2021). nnU-Net: a self-configuring method for deep learning-based biomedical image segmentation. Nature methods, 18(2), 203-211.
#######################################################################

2026-10-08 12:53:21.425934: do_dummy_2d_data_aug: False
2026-10-08 12:53:21.429485: Using splits from existing split file: /scratch/croger/atlas/nnunet_preprocessed/Dataset713_AtlasProxy/splits_final.json
2026-10-08 12:53:21.430912: The split file contains 1 splits.
2026-10-08 12:53:21.432639: Desired fold for training: 0
2026-10-08 12:53:21.433640: This split has 560 training and 80 validation cases.
using pin_memory on device 0
using pin_memory on device 0

This is the configuration used by this training:
Configuration name: 3d_fullres
 {'data_identifier': 'nnUNetPlans_3d_fullres', 'preprocessor_name': 'DefaultPreprocessor', 'batch_size': 2, 'patch_size': [256, 256, 256], 'median_image_size_in_voxels': [275.0, 358.0, 358.0], 'spacing': [0.5, 0.5, 0.5], 'normalization_schemes': ['CTNormalization'], 'use_mask_for_norm': [False], 'resampling_fn_data': 'resample_data_or_seg_to_shape', 'resampling_fn_seg': 'resample_data_or_seg_to_shape', 'resampling_fn_data_kwargs': {'is_seg': False, 'order': 3, 'order_z': 0, 'force_separate_z': None}, 'resampling_fn_seg_kwargs': {'is_seg': True, 'order': 1, 'order_z': 0, 'force_separate_z': None}, 'resampling_fn_probabilities': 'resample_data_or_seg_to_shape', 'resampling_fn_probabilities_kwargs': {'is_seg': False, 'order': 1, 'order_z': 0, 'force_separate_z': None}, 'architecture': {'network_class_name': 'dynamic_network_architectures.architectures.unet.ResidualEncoderUNet', 'arch_kwargs': {'n_stages': 7, 'features_per_stage': [32, 64, 128, 256, 320, 320, 320], 'conv_op': 'torch.nn.modules.conv.Conv3d', 'kernel_sizes': [[3, 3, 3], [3, 3, 3], [3, 3, 3], [3, 3, 3], [3, 3, 3], [3, 3, 3], [3, 3, 3]], 'strides': [[1, 1, 1], [2, 2, 2], [2, 2, 2], [2, 2, 2], [2, 2, 2], [2, 2, 2], [2, 2, 2]], 'n_blocks_per_stage': [1, 3, 4, 6, 6, 6, 6], 'n_conv_per_stage_decoder': [1, 1, 1, 1, 1, 1], 'conv_bias': True, 'norm_op': 'torch.nn.modules.instancenorm.InstanceNorm3d', 'norm_op_kwargs': {'eps': 1e-05, 'affine': True}, 'dropout_op': None, 'dropout_op_kwargs': None, 'nonlin': 'torch.nn.LeakyReLU', 'nonlin_kwargs': {'inplace': True}}, '_kw_requires_import': ['conv_op', 'norm_op', 'dropout_op', 'nonlin']}, 'batch_dice': False} 

These are the global plan.json settings:
 {'dataset_name': 'Dataset713_AtlasProxy', 'plans_name': 'nnUNetResEncUNetPlans_60G_iso05', 'original_median_spacing_after_transp': [0.5, 0.349609375, 0.349609375], 'original_median_shape_after_transp': [275, 512, 512], 'image_reader_writer': 'SimpleITKIO', 'transpose_forward': [0, 1, 2], 'transpose_backward': [0, 1, 2], 'experiment_planner_used': 'ResEncUNetPlanner', 'label_manager': 'LabelManager', 'foreground_intensity_properties_per_channel': {'0': {'max': 3069.0, 'mean': 100.0, 'median': 107.0, 'min': -1003.0, 'percentile_00_5': -300.0, 'percentile_99_5': 1300.0, 'std': 400.0}}} 

2026-10-08 12:53:24.676142: Unable to plot network architecture:
2026-10-08 12:53:24.677420: No module named 'hiddenlayer'
2026-10-08 12:53:24.742753: 
2026-10-08 12:53:24.744886: Epoch 0
2026-10-08 12:53:24.746472: Current learning rate: 0.01
2026-10-08 12:57:01.735758: train_loss 0.1054
2026-10-08 12:57:01.739565: val_loss 0.0168
2026-10-08 12:57:01.740788: Pseudo dice [np.float32(0.0), np.float32(0.0), np.float32(0.0), np.float32(0.0)]
2026-10-08 12:57:01.741805: Epoch time: 217.0 s
2026-10-08 12:57:01.743031: Yayy! New best EMA pseudo Dice: 0.0
2026-10-08 12:57:03.759786: 
2026-10-08 12:57:03.761305: Epoch 1
2026-10-08 12:57:03.762390: Current learning rate: 0.00998
2026-10-08 12:59:57.976016: train_loss -0.0031
2026-10-08 12:59:57.979399: val_loss -0.0234
2026-10-08 12:59:57.980386: Pseudo dice [np.float32(0.0), np.float32(0.0), np.float32(0.0), np.float32(0.0)]
2026-10-08 12:59:57.981354: Epoch time: 174.22 s
2026-10-08 12:59:58.619766: 
2026-10-08 12:59:58.620925: Epoch 2
2026-10-08 12:59:58.621810: Current learning rate: 0.00996
2026-10-08 13:02:53.103121: train_loss -0.0672
2026-10-08 13:02:53.105893: val_loss -0.1353
2026-10-08 13:02:53.106869: Pseudo dice [np.float32(0.0), np.float32(0.0023), np.float32(0.0), np.float32(0.1962)]
2026-10-08 13:02:53.107818: Epoch time: 174.49 s
2026-10-08 13:02:53.108718: Yayy! New best EMA pseudo Dice: 0.004999999888241291
2026-10-08 13:02:54.445723: 
2026-10-08 13:02:54.446874: Epoch 3
2026-10-08 13:02:54.447801: Current learning rate: 0.00993
2026-10-08 13:05:48.987945: train_loss -0.1893
2026-10-08 13:05:48.991158: val_loss -0.2809
2026-10-08 13:05:48.992622: Pseudo dice [np.float32(0.0), np.float32(0.4098), np.float32(0.0), np.float32(0.3293)]
2026-10-08 13:05:48.993863: Epoch time: 174.54 s
2026-10-08 13:05:48.995059: Yayy! New best EMA pseudo Dice: 0.02290000021457672
2026-10-08 13:05:50.543236: 
2026-10-08 13:05:50.544432: Epoch 4
2026-10-08 13:05:50.545664: Current learning rate: 0.00991
2026-10-08 13:08:45.133129: train_loss -0.3586
2026-10-08 13:08:45.136451: val_loss -0.4797
2026-10-08 13:08:45.137678: Pseudo dice [np.float32(0.0), np.float32(0.6268), np.float32(0.0018), np.float32(0.6527)]
2026-10-08 13:08:45.139171: Epoch time: 174.59 s
2026-10-08 13:08:45.140469: Yayy! New best EMA pseudo Dice: 0.05270000174641609
2026-10-08 13:08:46.514211: 
2026-10-08 13:08:46.515542: Epoch 5
2026-10-08 13:08:46.516660: Current learning rate: 0.00989
2026-10-08 13:11:41.160697: train_loss -0.5534
2026-10-08 13:11:41.163989: val_loss -0.6658
2026-10-08 13:11:41.164989: Pseudo dice [np.float32(0.708), np.float32(0.7388), np.float32(0.6733), np.float32(0.7577)]
2026-10-08 13:11:41.165917: Epoch time: 174.65 s
2026-10-08 13:11:41.166869: Yayy! New best EMA pseudo Dice: 0.11940000206232071
2026-10-08 13:11:42.499143: 
2026-10-08 13:11:42.500821: Epoch 6
2026-10-08 13:11:42.502220: Current learning rate: 0.00987
2026-10-08 13:14:37.176875: train_loss -0.6697
2026-10-08 13:14:37.180568: val_loss -0.7127
2026-10-08 13:14:37.181529: Pseudo dice [np.float32(0.827), np.float32(0.7674), np.float32(0.6813), np.float32(0.7722)]
2026-10-08 13:14:37.182461: Epoch time: 174.68 s
2026-10-08 13:14:37.183388: Yayy! New best EMA pseudo Dice: 0.18359999358654022
2026-10-08 13:14:38.514048: 
2026-10-08 13:14:38.515433: Epoch 7
2026-10-08 13:14:38.516515: Current learning rate: 0.00985
2026-10-08 13:17:33.142105: train_loss -0.7025
2026-10-08 13:17:33.146017: val_loss -0.7143
2026-10-08 13:17:33.147153: Pseudo dice [np.float32(0.8364), np.float32(0.759), np.float32(0.6814), np.float32(0.7735)]
2026-10-08 13:17:33.148221: Epoch time: 174.63 s
2026-10-08 13:17:33.149223: Yayy! New best EMA pseudo Dice: 0.24150000512599945
2026-10-08 13:17:35.016546: 
2026-10-08 13:17:35.018074: Epoch 8
2026-10-08 13:17:35.019237: Current learning rate: 0.00983
2026-10-08 13:20:29.848021: train_loss -0.7105
2026-10-08 13:20:29.852325: val_loss -0.7086
2026-10-08 13:20:29.854395: Pseudo dice [np.float32(0.8441), np.float32(0.7742), np.float32(0.6904), np.float32(0.7469)]
2026-10-08 13:20:29.856054: Epoch time: 174.84 s
2026-10-08 13:20:29.857806: Yayy! New best EMA pseudo Dice: 0.2937999963760376
2026-10-08 13:20:31.540730: 
2026-10-08 13:20:31.542590: Epoch 9
2026-10-08 13:20:31.543660: Current learning rate: 0.0098
2026-10-08 13:23:26.433304: train_loss -0.7235
2026-10-08 13:23:26.436398: val_loss -0.7339
2026-10-08 13:23:26.437572: Pseudo dice [np.float32(0.8516), np.float32(0.7951), np.float32(0.7213), np.float32(0.7784)]
2026-10-08 13:23:26.438658: Epoch time: 174.9 s
2026-10-08 13:23:26.439668: Yayy! New best EMA pseudo Dice: 0.34299999475479126
2026-10-08 13:23:28.009445: 
2026-10-08 13:23:28.011719: Epoch 10
2026-10-08 13:23:28.013594: Current learning rate: 0.00978
2026-10-08 13:26:22.871355: train_loss -0.7255
2026-10-08 13:26:22.874790: val_loss -0.7491
2026-10-08 13:26:22.875861: Pseudo dice [np.float32(0.8742), np.float32(0.7883), np.float32(0.7221), np.float32(0.7886)]
2026-10-08 13:26:22.876908: Epoch time: 174.87 s
2026-10-08 13:26:22.877948: Yayy! New best EMA pseudo Dice: 0.3880999982357025
2026-10-08 13:26:24.591953: 
2026-10-08 13:26:24.593854: Epoch 11
2026-10-08 13:26:24.594847: Current learning rate: 0.00976
2026-10-08 13:29:19.445805: train_loss -0.7329
2026-10-08 13:29:19.449360: val_loss -0.7349
2026-10-08 13:29:19.450325: Pseudo dice [np.float32(0.855), np.float32(0.7861), np.float32(0.7012), np.float32(0.7775)]
2026-10-08 13:29:19.451203: Epoch time: 174.86 s
2026-10-08 13:29:19.452152: Yayy! New best EMA pseudo Dice: 0.42730000615119934
2026-10-08 13:29:21.003859: 
2026-10-08 13:29:21.004856: Epoch 12
2026-10-08 13:29:21.005723: Current learning rate: 0.00974
2026-10-08 13:32:15.800022: train_loss -0.7332
2026-10-08 13:32:15.803581: val_loss -0.7434
2026-10-08 13:32:15.804712: Pseudo dice [np.float32(0.8434), np.float32(0.7965), np.float32(0.7092), np.float32(0.7918)]
2026-10-08 13:32:15.805719: Epoch time: 174.8 s
2026-10-08 13:32:15.806757: Yayy! New best EMA pseudo Dice: 0.46309998631477356
2026-10-08 13:32:17.185004: 
2026-10-08 13:32:17.186152: Epoch 13
2026-10-08 13:32:17.187131: Current learning rate: 0.00972
2026-10-08 13:35:11.932117: train_loss -0.7353
2026-10-08 13:35:11.935508: val_loss -0.7476
2026-10-08 13:35:11.936504: Pseudo dice [np.float32(0.8614), np.float32(0.8007), np.float32(0.7241), np.float32(0.7796)]
2026-10-08 13:35:11.937573: Epoch time: 174.75 s
2026-10-08 13:35:11.938632: Yayy! New best EMA pseudo Dice: 0.4959000051021576
2026-10-08 13:35:13.454215: 
2026-10-08 13:35:13.456115: Epoch 14
2026-10-08 13:35:13.457808: Current learning rate: 0.00969
2026-10-08 13:38:08.334616: train_loss -0.7401
2026-10-08 13:38:08.338180: val_loss -0.7558
2026-10-08 13:38:08.339412: Pseudo dice [np.float32(0.8743), np.float32(0.8114), np.float32(0.729), np.float32(0.8084)]
2026-10-08 13:38:08.340722: Epoch time: 174.88 s
2026-10-08 13:38:08.341830: Yayy! New best EMA pseudo Dice: 0.5268999934196472
2026-10-08 13:38:09.671842: 
2026-10-08 13:38:09.674651: Epoch 15
2026-10-08 13:38:09.675849: Current learning rate: 0.00967
2026-10-08 13:41:04.430027: train_loss -0.7406
2026-10-08 13:41:04.437312: val_loss -0.755
2026-10-08 13:41:04.438679: Pseudo dice [np.float32(0.8794), np.float32(0.803), np.float32(0.7441), np.float32(0.7997)]
2026-10-08 13:41:04.440051: Epoch time: 174.76 s
2026-10-08 13:41:04.441355: Yayy! New best EMA pseudo Dice: 0.5547999739646912
2026-10-08 13:41:05.767579: 
2026-10-08 13:41:05.769008: Epoch 16
2026-10-08 13:41:05.770247: Current learning rate: 0.00965
2026-10-08 13:44:00.720676: train_loss -0.7519
2026-10-08 13:44:00.725335: val_loss -0.7619
2026-10-08 13:44:00.726882: Pseudo dice [np.float32(0.8797), np.float32(0.8027), np.float32(0.7459), np.float32(0.7969)]
2026-10-08 13:44:00.728423: Epoch time: 174.96 s
2026-10-08 13:44:00.729729: Yayy! New best EMA pseudo Dice: 0.5799999833106995
2026-10-08 13:44:02.080539: 
2026-10-08 13:44:02.082032: Epoch 17
2026-10-08 13:44:02.083237: Current learning rate: 0.00963
2026-10-08 13:46:57.007021: train_loss -0.748
2026-10-08 13:46:57.010957: val_loss -0.7486
2026-10-08 13:46:57.011928: Pseudo dice [np.float32(0.8743), np.float32(0.7964), np.float32(0.7286), np.float32(0.8002)]
2026-10-08 13:46:57.013008: Epoch time: 174.93 s
2026-10-08 13:46:57.013951: Yayy! New best EMA pseudo Dice: 0.6019999980926514
2026-10-08 13:46:58.772884: 
2026-10-08 13:46:58.774014: Epoch 18
2026-10-08 13:46:58.774997: Current learning rate: 0.00961
2026-10-08 13:49:53.720439: train_loss -0.7507
2026-10-08 13:49:53.723555: val_loss -0.7513
2026-10-08 13:49:53.725264: Pseudo dice [np.float32(0.8774), np.float32(0.8025), np.float32(0.7352), np.float32(0.7984)]
2026-10-08 13:49:53.727373: Epoch time: 174.95 s
2026-10-08 13:49:53.728894: Yayy! New best EMA pseudo Dice: 0.6220999956130981
2026-10-08 13:49:55.069179: 
2026-10-08 13:49:55.070900: Epoch 19
2026-10-08 13:49:55.072330: Current learning rate: 0.00958
2026-10-08 13:52:50.041104: train_loss -0.7549
2026-10-08 13:52:50.045064: val_loss -0.7571
2026-10-08 13:52:50.046620: Pseudo dice [np.float32(0.8861), np.float32(0.8005), np.float32(0.7278), np.float32(0.8056)]
2026-10-08 13:52:50.048038: Epoch time: 174.97 s
2026-10-08 13:52:50.049464: Yayy! New best EMA pseudo Dice: 0.6403999924659729
2026-10-08 13:52:51.387107: 
2026-10-08 13:52:51.388631: Epoch 20
2026-10-08 13:52:51.390016: Current learning rate: 0.00956
2026-10-08 13:55:46.155358: train_loss -0.7545
2026-10-08 13:55:46.158877: val_loss -0.7467
2026-10-08 13:55:46.160048: Pseudo dice [np.float32(0.8761), np.float32(0.7981), np.float32(0.7055), np.float32(0.7829)]
2026-10-08 13:55:46.161046: Epoch time: 174.77 s
2026-10-08 13:55:46.162010: Yayy! New best EMA pseudo Dice: 0.6553999781608582
2026-10-08 13:55:47.500986: 
2026-10-08 13:55:47.502225: Epoch 21
2026-10-08 13:55:47.503311: Current learning rate: 0.00954
2026-10-08 13:58:42.400704: train_loss -0.7607
2026-10-08 13:58:42.405081: val_loss -0.7554
2026-10-08 13:58:42.406789: Pseudo dice [np.float32(0.8689), np.float32(0.8229), np.float32(0.7444), np.float32(0.7935)]
2026-10-08 13:58:42.408271: Epoch time: 174.9 s
2026-10-08 13:58:42.409672: Yayy! New best EMA pseudo Dice: 0.6705999970436096
2026-10-08 13:58:43.727124: 
2026-10-08 13:58:43.728476: Epoch 22
2026-10-08 13:58:43.729700: Current learning rate: 0.00952
2026-10-08 14:01:38.488928: train_loss -0.7595
2026-10-08 14:01:38.492252: val_loss -0.7674
2026-10-08 14:01:38.493629: Pseudo dice [np.float32(0.883), np.float32(0.8137), np.float32(0.7524), np.float32(0.8144)]
2026-10-08 14:01:38.495027: Epoch time: 174.76 s
2026-10-08 14:01:38.496450: Yayy! New best EMA pseudo Dice: 0.6851999759674072
2026-10-08 14:01:39.815382: 
2026-10-08 14:01:39.817203: Epoch 23
2026-10-08 14:01:39.819099: Current learning rate: 0.0095
2026-10-08 14:04:34.700686: train_loss -0.7633
2026-10-08 14:04:34.703818: val_loss -0.7608
2026-10-08 14:04:34.704935: Pseudo dice [np.float32(0.883), np.float32(0.8061), np.float32(0.765), np.float32(0.8139)]
2026-10-08 14:04:34.706039: Epoch time: 174.89 s
2026-10-08 14:04:34.706911: Yayy! New best EMA pseudo Dice: 0.6983000040054321
2026-10-08 14:04:36.221593: 
2026-10-08 14:04:36.223032: Epoch 24
2026-10-08 14:04:36.223969: Current learning rate: 0.00947
2026-10-08 14:07:31.260652: train_loss -0.7678
2026-10-08 14:07:31.264819: val_loss -0.7638
2026-10-08 14:07:31.265898: Pseudo dice [np.float32(0.8839), np.float32(0.7965), np.float32(0.7569), np.float32(0.8022)]
2026-10-08 14:07:31.267532: Epoch time: 175.04 s
2026-10-08 14:07:31.975569: Yayy! New best EMA pseudo Dice: 0.7095000147819519
2026-10-08 14:07:33.287983: 
2026-10-08 14:07:33.289022: Epoch 25
2026-10-08 14:07:33.289884: Current learning rate: 0.00945
2026-10-08 14:10:28.298701: train_loss -0.7717
2026-10-08 14:10:28.302795: val_loss -0.7618
2026-10-08 14:10:28.303842: Pseudo dice [np.float32(0.8898), np.float32(0.8063), np.float32(0.7334), np.float32(0.806)]
2026-10-08 14:10:28.305087: Epoch time: 175.01 s
2026-10-08 14:10:28.306071: Yayy! New best EMA pseudo Dice: 0.7193999886512756
2026-10-08 14:10:29.628199: 
2026-10-08 14:10:29.629423: Epoch 26
2026-10-08 14:10:29.630460: Current learning rate: 0.00943
2026-10-08 14:13:24.589258: train_loss -0.7609
2026-10-08 14:13:24.592236: val_loss -0.7689
2026-10-08 14:13:24.593194: Pseudo dice [np.float32(0.8857), np.float32(0.8113), np.float32(0.7511), np.float32(0.8129)]
2026-10-08 14:13:24.594184: Epoch time: 174.96 s
2026-10-08 14:13:24.595155: Yayy! New best EMA pseudo Dice: 0.7289999723434448
2026-10-08 14:13:25.921830: 
2026-10-08 14:13:25.922894: Epoch 27
2026-10-08 14:13:25.923872: Current learning rate: 0.00941
2026-10-08 14:16:20.892395: train_loss -0.7615
2026-10-08 14:16:20.896178: val_loss -0.7649
2026-10-08 14:16:20.897274: Pseudo dice [np.float32(0.8895), np.float32(0.8159), np.float32(0.7484), np.float32(0.7971)]
2026-10-08 14:16:20.898363: Epoch time: 174.97 s
2026-10-08 14:16:20.899446: Yayy! New best EMA pseudo Dice: 0.7373999953269958
2026-10-08 14:16:22.228126: 
2026-10-08 14:16:22.229424: Epoch 28
2026-10-08 14:16:22.230560: Current learning rate: 0.00939
2026-10-08 14:19:17.153312: train_loss -0.7675
2026-10-08 14:19:17.156794: val_loss -0.7696
2026-10-08 14:19:17.157736: Pseudo dice [np.float32(0.8865), np.float32(0.813), np.float32(0.7494), np.float32(0.818)]
2026-10-08 14:19:17.158905: Epoch time: 174.93 s
2026-10-08 14:19:17.159854: Yayy! New best EMA pseudo Dice: 0.7452999949455261
2026-10-08 14:19:18.476473: 
2026-10-08 14:19:18.477550: Epoch 29
2026-10-08 14:19:18.478799: Current learning rate: 0.00936
2026-10-08 14:22:13.384175: train_loss -0.7703
2026-10-08 14:22:13.387727: val_loss -0.7705
2026-10-08 14:22:13.388917: Pseudo dice [np.float32(0.8919), np.float32(0.8055), np.float32(0.7379), np.float32(0.7985)]
2026-10-08 14:22:13.389932: Epoch time: 174.91 s
2026-10-08 14:22:13.390981: Yayy! New best EMA pseudo Dice: 0.7516000270843506
2026-10-08 14:22:14.722534: 
2026-10-08 14:22:14.726728: Epoch 30
2026-10-08 14:22:14.728771: Current learning rate: 0.00934
2026-10-08 14:25:09.609495: train_loss -0.7687
2026-10-08 14:25:09.614725: val_loss -0.7706
2026-10-08 14:25:09.615780: Pseudo dice [np.float32(0.8918), np.float32(0.8086), np.float32(0.7445), np.float32(0.8114)]
2026-10-08 14:25:09.616828: Epoch time: 174.89 s
2026-10-08 14:25:09.620907: Yayy! New best EMA pseudo Dice: 0.7578999996185303
2026-10-08 14:25:10.968790: 
2026-10-08 14:25:10.970299: Epoch 31
2026-10-08 14:25:10.971519: Current learning rate: 0.00932
2026-10-08 14:28:05.855594: train_loss -0.7749
2026-10-08 14:28:05.859548: val_loss -0.7705
2026-10-08 14:28:05.860732: Pseudo dice [np.float32(0.8881), np.float32(0.8215), np.float32(0.7535), np.float32(0.8227)]
2026-10-08 14:28:05.861996: Epoch time: 174.89 s
2026-10-08 14:28:05.863121: Yayy! New best EMA pseudo Dice: 0.76419997215271
2026-10-08 14:28:07.193685: 
2026-10-08 14:28:07.195100: Epoch 32
2026-10-08 14:28:07.196237: Current learning rate: 0.0093
2026-10-08 14:31:02.150609: train_loss -0.7678
2026-10-08 14:31:02.155288: val_loss -0.7532
2026-10-08 14:31:02.157231: Pseudo dice [np.float32(0.8819), np.float32(0.792), np.float32(0.7201), np.float32(0.8078)]
2026-10-08 14:31:02.158907: Epoch time: 174.96 s
2026-10-08 14:31:02.160162: Yayy! New best EMA pseudo Dice: 0.7678999900817871
2026-10-08 14:31:03.485211: 
2026-10-08 14:31:03.486594: Epoch 33
2026-10-08 14:31:03.487798: Current learning rate: 0.00928
2026-10-08 14:33:58.470758: train_loss -0.7661
2026-10-08 14:33:58.474539: val_loss -0.7736
2026-10-08 14:33:58.475803: Pseudo dice [np.float32(0.8932), np.float32(0.8129), np.float32(0.7592), np.float32(0.8062)]
2026-10-08 14:33:58.476928: Epoch time: 174.99 s
2026-10-08 14:33:58.477990: Yayy! New best EMA pseudo Dice: 0.7728999853134155
2026-10-08 14:33:59.817978: 
2026-10-08 14:33:59.819343: Epoch 34
2026-10-08 14:33:59.820608: Current learning rate: 0.00925
2026-10-08 14:36:54.709145: train_loss -0.7743
2026-10-08 14:36:54.713551: val_loss -0.7791
2026-10-08 14:36:54.715080: Pseudo dice [np.float32(0.8929), np.float32(0.8178), np.float32(0.7695), np.float32(0.8168)]
2026-10-08 14:36:54.716366: Epoch time: 174.89 s
2026-10-08 14:36:54.717573: Yayy! New best EMA pseudo Dice: 0.777999997138977
2026-10-08 14:36:56.040476: 
2026-10-08 14:36:56.041892: Epoch 35
2026-10-08 14:36:56.043062: Current learning rate: 0.00923
2026-10-08 14:39:50.969840: train_loss -0.7766
2026-10-08 14:39:50.975331: val_loss -0.7773
2026-10-08 14:39:50.976787: Pseudo dice [np.float32(0.8912), np.float32(0.8231), np.float32(0.7639), np.float32(0.8201)]
2026-10-08 14:39:50.978147: Epoch time: 174.93 s
2026-10-08 14:39:50.979228: Yayy! New best EMA pseudo Dice: 0.7825999855995178
2026-10-08 14:39:52.304911: 
2026-10-08 14:39:52.306652: Epoch 36
2026-10-08 14:39:52.307869: Current learning rate: 0.00921
2026-10-08 14:42:47.237952: train_loss -0.774
2026-10-08 14:42:47.241273: val_loss -0.77
2026-10-08 14:42:47.242506: Pseudo dice [np.float32(0.8854), np.float32(0.827), np.float32(0.7601), np.float32(0.8078)]
2026-10-08 14:42:47.243579: Epoch time: 174.94 s
2026-10-08 14:42:47.244543: Yayy! New best EMA pseudo Dice: 0.7864000201225281
2026-10-08 14:42:48.808717: 
2026-10-08 14:42:48.810012: Epoch 37
2026-10-08 14:42:48.811014: Current learning rate: 0.00919
2026-10-08 14:45:43.720605: train_loss -0.7724
2026-10-08 14:45:43.726278: val_loss -0.7714
2026-10-08 14:45:43.727274: Pseudo dice [np.float32(0.89), np.float32(0.8088), np.float32(0.7381), np.float32(0.8086)]
2026-10-08 14:45:43.728211: Epoch time: 174.91 s
2026-10-08 14:45:43.729178: Yayy! New best EMA pseudo Dice: 0.7889000177383423
2026-10-08 14:45:45.289681: 
2026-10-08 14:45:45.290783: Epoch 38
2026-10-08 14:45:45.291757: Current learning rate: 0.00917
2026-10-08 14:48:40.225535: train_loss -0.7736
2026-10-08 14:48:40.228754: val_loss -0.782
2026-10-08 14:48:40.229776: Pseudo dice [np.float32(0.8981), np.float32(0.8142), np.float32(0.7665), np.float32(0.8261)]
2026-10-08 14:48:40.230726: Epoch time: 174.94 s
2026-10-08 14:48:40.231786: Yayy! New best EMA pseudo Dice: 0.7925999760627747
2026-10-08 14:48:41.579655: 
2026-10-08 14:48:41.581166: Epoch 39
2026-10-08 14:48:41.582341: Current learning rate: 0.00914
2026-10-08 14:51:36.479948: train_loss -0.7721
2026-10-08 14:51:36.483114: val_loss -0.7767
2026-10-08 14:51:36.484336: Pseudo dice [np.float32(0.8905), np.float32(0.8251), np.float32(0.7646), np.float32(0.8194)]
2026-10-08 14:51:36.485253: Epoch time: 174.9 s
2026-10-08 14:51:36.486145: Yayy! New best EMA pseudo Dice: 0.7958999872207642
2026-10-08 14:51:37.812212: 
2026-10-08 14:51:37.813695: Epoch 40
2026-10-08 14:51:37.814701: Current learning rate: 0.00912
2026-10-08 14:54:32.742594: train_loss -0.7709
2026-10-08 14:54:32.746225: val_loss -0.7866
2026-10-08 14:54:32.747644: Pseudo dice [np.float32(0.8959), np.float32(0.8318), np.float32(0.7733), np.float32(0.8149)]
2026-10-08 14:54:32.748710: Epoch time: 174.93 s
2026-10-08 14:54:32.749734: Yayy! New best EMA pseudo Dice: 0.7991999983787537
2026-10-08 14:54:34.076388: 
2026-10-08 14:54:34.083860: Epoch 41
2026-10-08 14:54:34.086128: Current learning rate: 0.0091
2026-10-08 14:57:28.989909: train_loss -0.7839
2026-10-08 14:57:28.995055: val_loss -0.7807
2026-10-08 14:57:28.996117: Pseudo dice [np.float32(0.8975), np.float32(0.8285), np.float32(0.7466), np.float32(0.8165)]
2026-10-08 14:57:28.997166: Epoch time: 174.92 s
2026-10-08 14:57:28.998113: Yayy! New best EMA pseudo Dice: 0.8015000224113464
2026-10-08 14:57:30.318230: 
2026-10-08 14:57:30.319378: Epoch 42
2026-10-08 14:57:30.320315: Current learning rate: 0.00908
2026-10-08 15:00:25.301067: train_loss -0.7791
2026-10-08 15:00:25.304192: val_loss -0.786
2026-10-08 15:00:25.305234: Pseudo dice [np.float32(0.892), np.float32(0.8224), np.float32(0.7582), np.float32(0.8168)]
2026-10-08 15:00:25.306148: Epoch time: 174.99 s
2026-10-08 15:00:25.307045: Yayy! New best EMA pseudo Dice: 0.803600013256073
2026-10-08 15:00:26.614666: 
2026-10-08 15:00:26.615781: Epoch 43
2026-10-08 15:00:26.616703: Current learning rate: 0.00906
2026-10-08 15:03:21.646065: train_loss -0.777
2026-10-08 15:03:21.652767: val_loss -0.7899
2026-10-08 15:03:21.653779: Pseudo dice [np.float32(0.8986), np.float32(0.815), np.float32(0.7711), np.float32(0.8242)]
2026-10-08 15:03:21.654827: Epoch time: 175.03 s
2026-10-08 15:03:21.656466: Yayy! New best EMA pseudo Dice: 0.805899977684021
2026-10-08 15:03:23.129117: 
2026-10-08 15:03:23.130273: Epoch 44
2026-10-08 15:03:23.131318: Current learning rate: 0.00903
2026-10-08 15:06:18.051952: train_loss -0.7764
2026-10-08 15:06:18.057368: val_loss -0.7856
2026-10-08 15:06:18.058480: Pseudo dice [np.float32(0.8855), np.float32(0.819), np.float32(0.7513), np.float32(0.8298)]
2026-10-08 15:06:18.059797: Epoch time: 174.93 s
2026-10-08 15:06:18.060997: Yayy! New best EMA pseudo Dice: 0.8075000047683716
2026-10-08 15:06:20.008048: 
2026-10-08 15:06:20.009622: Epoch 45
2026-10-08 15:06:20.011010: Current learning rate: 0.00901
2026-10-08 15:09:14.976632: train_loss -0.7738
2026-10-08 15:09:14.980840: val_loss -0.7717
2026-10-08 15:09:14.982141: Pseudo dice [np.float32(0.8936), np.float32(0.8093), np.float32(0.7557), np.float32(0.8212)]
2026-10-08 15:09:14.983354: Epoch time: 174.97 s
2026-10-08 15:09:14.984516: Yayy! New best EMA pseudo Dice: 0.8087000250816345
2026-10-08 15:09:16.686122: 
2026-10-08 15:09:16.687507: Epoch 46
2026-10-08 15:09:16.688730: Current learning rate: 0.00899
2026-10-08 15:12:11.580556: train_loss -0.7781
2026-10-08 15:12:11.584228: val_loss -0.7526
2026-10-08 15:12:11.585751: Pseudo dice [np.float32(0.884), np.float32(0.803), np.float32(0.722), np.float32(0.7901)]
2026-10-08 15:12:11.587260: Epoch time: 174.9 s
2026-10-08 15:12:12.432413: 
2026-10-08 15:12:12.433842: Epoch 47
2026-10-08 15:12:12.435280: Current learning rate: 0.00897
2026-10-08 15:15:07.285706: train_loss -0.7832
2026-10-08 15:15:07.288728: val_loss -0.7924
2026-10-08 15:15:07.290129: Pseudo dice [np.float32(0.9046), np.float32(0.8289), np.float32(0.7538), np.float32(0.8274)]
2026-10-08 15:15:07.291318: Epoch time: 174.86 s
2026-10-08 15:15:07.292399: Yayy! New best EMA pseudo Dice: 0.8098999857902527
2026-10-08 15:15:08.994939: 
2026-10-08 15:15:08.997222: Epoch 48
2026-10-08 15:15:08.999317: Current learning rate: 0.00895
2026-10-08 15:18:03.876988: train_loss -0.7925
2026-10-08 15:18:03.883064: val_loss -0.7849
2026-10-08 15:18:03.884385: Pseudo dice [np.float32(0.8896), np.float32(0.8242), np.float32(0.7596), np.float32(0.8216)]
2026-10-08 15:18:03.885661: Epoch time: 174.89 s
2026-10-08 15:18:03.886810: Yayy! New best EMA pseudo Dice: 0.8112999796867371
2026-10-08 15:18:05.412522: 
2026-10-08 15:18:05.414129: Epoch 49
2026-10-08 15:18:05.415323: Current learning rate: 0.00892
2026-10-08 15:21:00.333311: train_loss -0.7832
2026-10-08 15:21:00.336562: val_loss -0.775
2026-10-08 15:21:00.337636: Pseudo dice [np.float32(0.8989), np.float32(0.8214), np.float32(0.7491), np.float32(0.8135)]
2026-10-08 15:21:00.341509: Epoch time: 174.92 s
2026-10-08 15:21:01.046964: Yayy! New best EMA pseudo Dice: 0.8122000098228455
2026-10-08 15:21:02.377595: 
2026-10-08 15:21:02.378928: Epoch 50
2026-10-08 15:21:02.379958: Current learning rate: 0.0089
2026-10-08 15:23:57.433552: train_loss -0.788
2026-10-08 15:23:57.447924: val_loss -0.7863
2026-10-08 15:23:57.453362: Pseudo dice [np.float32(0.8919), np.float32(0.8352), np.float32(0.7702), np.float32(0.8203)]
2026-10-08 15:23:57.459463: Epoch time: 175.06 s
2026-10-08 15:23:57.465223: Yayy! New best EMA pseudo Dice: 0.8140000104904175
2026-10-08 15:23:58.836427: 
2026-10-08 15:23:58.837968: Epoch 51
2026-10-08 15:23:58.839124: Current learning rate: 0.00888
2026-10-08 15:26:53.918288: train_loss -0.7833
2026-10-08 15:26:53.923248: val_loss -0.7822
2026-10-08 15:26:53.924194: Pseudo dice [np.float32(0.8927), np.float32(0.8218), np.float32(0.7622), np.float32(0.823)]
2026-10-08 15:26:53.925304: Epoch time: 175.08 s
2026-10-08 15:26:53.926279: Yayy! New best EMA pseudo Dice: 0.8151000142097473
2026-10-08 15:26:55.483284: 
2026-10-08 15:26:55.484840: Epoch 52
2026-10-08 15:26:55.486409: Current learning rate: 0.00886
2026-10-08 15:29:50.621606: train_loss -0.7911
2026-10-08 15:29:50.625701: val_loss -0.7728
2026-10-08 15:29:50.626656: Pseudo dice [np.float32(0.8886), np.float32(0.8203), np.float32(0.7298), np.float32(0.8025)]
2026-10-08 15:29:50.627600: Epoch time: 175.14 s
2026-10-08 15:29:51.233648: 
2026-10-08 15:29:51.234822: Epoch 53
2026-10-08 15:29:51.235797: Current learning rate: 0.00883
2026-10-08 15:32:46.277228: train_loss -0.7927
2026-10-08 15:32:46.284037: val_loss -0.782
2026-10-08 15:32:46.285465: Pseudo dice [np.float32(0.8841), np.float32(0.8241), np.float32(0.7518), np.float32(0.8202)]
2026-10-08 15:32:46.286482: Epoch time: 175.05 s
2026-10-08 15:32:46.287527: Yayy! New best EMA pseudo Dice: 0.8151000142097473
2026-10-08 15:32:47.604283: 
2026-10-08 15:32:47.606615: Epoch 54
2026-10-08 15:32:47.608059: Current learning rate: 0.00881
2026-10-08 15:35:42.700958: train_loss -0.7878
2026-10-08 15:35:42.706509: val_loss -0.7909
2026-10-08 15:35:42.707790: Pseudo dice [np.float32(0.8917), np.float32(0.8283), np.float32(0.758), np.float32(0.8336)]
2026-10-08 15:35:42.709153: Epoch time: 175.1 s
2026-10-08 15:35:42.710375: Yayy! New best EMA pseudo Dice: 0.8163999915122986
2026-10-08 15:35:44.047466: 
2026-10-08 15:35:44.048666: Epoch 55
2026-10-08 15:35:44.049758: Current learning rate: 0.00879
2026-10-08 15:38:39.088122: train_loss -0.7971
2026-10-08 15:38:39.094100: val_loss -0.7886
2026-10-08 15:38:39.095591: Pseudo dice [np.float32(0.8944), np.float32(0.816), np.float32(0.7509), np.float32(0.8306)]
2026-10-08 15:38:39.097093: Epoch time: 175.04 s
2026-10-08 15:38:39.098399: Yayy! New best EMA pseudo Dice: 0.8170999884605408
2026-10-08 15:38:40.423505: 
2026-10-08 15:38:40.425098: Epoch 56
2026-10-08 15:38:40.426516: Current learning rate: 0.00877
2026-10-08 15:41:35.564015: train_loss -0.792
2026-10-08 15:41:35.567324: val_loss -0.7727
2026-10-08 15:41:35.568535: Pseudo dice [np.float32(0.8858), np.float32(0.8136), np.float32(0.7489), np.float32(0.8364)]
2026-10-08 15:41:35.569671: Epoch time: 175.14 s
2026-10-08 15:41:35.570843: Yayy! New best EMA pseudo Dice: 0.8174999952316284
2026-10-08 15:41:36.905017: 
2026-10-08 15:41:36.906527: Epoch 57
2026-10-08 15:41:36.908020: Current learning rate: 0.00875
2026-10-08 15:44:31.919553: train_loss -0.7911
2026-10-08 15:44:31.923137: val_loss -0.7674
2026-10-08 15:44:31.924649: Pseudo dice [np.float32(0.8851), np.float32(0.8132), np.float32(0.7583), np.float32(0.8158)]
2026-10-08 15:44:31.925799: Epoch time: 175.02 s
2026-10-08 15:44:31.926877: Yayy! New best EMA pseudo Dice: 0.8174999952316284
2026-10-08 15:44:33.257076: 
2026-10-08 15:44:33.258745: Epoch 58
2026-10-08 15:44:33.260121: Current learning rate: 0.00872
2026-10-08 15:47:28.278284: train_loss -0.7916
2026-10-08 15:47:28.284672: val_loss -0.783
2026-10-08 15:47:28.285900: Pseudo dice [np.float32(0.8952), np.float32(0.8178), np.float32(0.7668), np.float32(0.8254)]
2026-10-08 15:47:28.287051: Epoch time: 175.02 s
2026-10-08 15:47:28.288263: Yayy! New best EMA pseudo Dice: 0.8184000253677368
2026-10-08 15:47:30.075887: 
2026-10-08 15:47:30.077327: Epoch 59
2026-10-08 15:47:30.078677: Current learning rate: 0.0087
2026-10-08 15:50:25.204922: train_loss -0.792
2026-10-08 15:50:25.208892: val_loss -0.7841
2026-10-08 15:50:25.210329: Pseudo dice [np.float32(0.9002), np.float32(0.8207), np.float32(0.748), np.float32(0.8214)]
2026-10-08 15:50:25.211689: Epoch time: 175.13 s
2026-10-08 15:50:25.212873: Yayy! New best EMA pseudo Dice: 0.8187999725341797
2026-10-08 15:50:26.969877: 
2026-10-08 15:50:26.971228: Epoch 60
2026-10-08 15:50:26.972440: Current learning rate: 0.00868
2026-10-08 15:53:22.092971: train_loss -0.7918
2026-10-08 15:53:22.096459: val_loss -0.781
2026-10-08 15:53:22.097675: Pseudo dice [np.float32(0.887), np.float32(0.8153), np.float32(0.7532), np.float32(0.8014)]
2026-10-08 15:53:22.098940: Epoch time: 175.13 s
2026-10-08 15:53:22.707475: 
2026-10-08 15:53:22.708827: Epoch 61
2026-10-08 15:53:22.709995: Current learning rate: 0.00866
2026-10-08 15:56:17.786609: train_loss -0.7958
2026-10-08 15:56:17.791914: val_loss -0.802
2026-10-08 15:56:17.793195: Pseudo dice [np.float32(0.9004), np.float32(0.8385), np.float32(0.7824), np.float32(0.8242)]
2026-10-08 15:56:17.794466: Epoch time: 175.08 s
2026-10-08 15:56:17.795988: Yayy! New best EMA pseudo Dice: 0.8202000260353088
2026-10-08 15:56:19.137589: 
2026-10-08 15:56:19.139072: Epoch 62
2026-10-08 15:56:19.140372: Current learning rate: 0.00863
2026-10-08 15:59:14.039583: train_loss -0.7991
2026-10-08 15:59:14.043680: val_loss -0.7846
2026-10-08 15:59:14.044742: Pseudo dice [np.float32(0.8931), np.float32(0.8131), np.float32(0.7548), np.float32(0.8164)]
2026-10-08 15:59:14.045728: Epoch time: 174.9 s
2026-10-08 15:59:14.657317: 
2026-10-08 15:59:14.658561: Epoch 63
2026-10-08 15:59:14.659565: Current learning rate: 0.00861
2026-10-08 16:02:09.614881: train_loss -0.7966
2026-10-08 16:02:09.618477: val_loss -0.7863
2026-10-08 16:02:09.619412: Pseudo dice [np.float32(0.8919), np.float32(0.8286), np.float32(0.7639), np.float32(0.8225)]
2026-10-08 16:02:09.620431: Epoch time: 174.96 s
2026-10-08 16:02:09.621441: Yayy! New best EMA pseudo Dice: 0.8206999897956848
2026-10-08 16:02:10.949295: 
2026-10-08 16:02:10.950507: Epoch 64
2026-10-08 16:02:10.951582: Current learning rate: 0.00859
2026-10-08 16:05:05.917138: train_loss -0.8003
2026-10-08 16:05:05.920980: val_loss -0.7949
2026-10-08 16:05:05.921931: Pseudo dice [np.float32(0.9032), np.float32(0.8283), np.float32(0.7652), np.float32(0.8251)]
2026-10-08 16:05:05.922841: Epoch time: 174.97 s
2026-10-08 16:05:05.923749: Yayy! New best EMA pseudo Dice: 0.8216999769210815
2026-10-08 16:05:07.250220: 
2026-10-08 16:05:07.251297: Epoch 65
2026-10-08 16:05:07.252251: Current learning rate: 0.00857
2026-10-08 16:08:02.325091: train_loss -0.7987
2026-10-08 16:08:02.330564: val_loss -0.7967
2026-10-08 16:08:02.331563: Pseudo dice [np.float32(0.9006), np.float32(0.8389), np.float32(0.7857), np.float32(0.846)]
2026-10-08 16:08:02.332654: Epoch time: 175.08 s
2026-10-08 16:08:02.333605: Yayy! New best EMA pseudo Dice: 0.8238000273704529
2026-10-08 16:08:03.652523: 
2026-10-08 16:08:03.653650: Epoch 66
2026-10-08 16:08:03.654691: Current learning rate: 0.00855
2026-10-08 16:10:58.645263: train_loss -0.7963
2026-10-08 16:10:58.649131: val_loss -0.7811
2026-10-08 16:10:58.650513: Pseudo dice [np.float32(0.8981), np.float32(0.8203), np.float32(0.7708), np.float32(0.8311)]
2026-10-08 16:10:58.651911: Epoch time: 175.0 s
2026-10-08 16:10:58.653126: Yayy! New best EMA pseudo Dice: 0.8245000243186951
2026-10-08 16:11:00.419921: 
2026-10-08 16:11:00.421599: Epoch 67
2026-10-08 16:11:00.422958: Current learning rate: 0.00852
2026-10-08 16:13:55.314418: train_loss -0.8045
2026-10-08 16:13:55.318123: val_loss -0.7924
2026-10-08 16:13:55.319304: Pseudo dice [np.float32(0.8958), np.float32(0.8372), np.float32(0.7655), np.float32(0.8303)]
2026-10-08 16:13:55.320389: Epoch time: 174.9 s
2026-10-08 16:13:55.321662: Yayy! New best EMA pseudo Dice: 0.8252000212669373
2026-10-08 16:13:56.663863: 
2026-10-08 16:13:56.665246: Epoch 68
2026-10-08 16:13:56.666294: Current learning rate: 0.0085
2026-10-08 16:16:51.589080: train_loss -0.796
2026-10-08 16:16:51.596802: val_loss -0.7834
2026-10-08 16:16:51.598017: Pseudo dice [np.float32(0.8915), np.float32(0.8247), np.float32(0.7566), np.float32(0.8363)]
2026-10-08 16:16:51.599151: Epoch time: 174.93 s
2026-10-08 16:16:51.600216: Yayy! New best EMA pseudo Dice: 0.8253999948501587
2026-10-08 16:16:52.936162: 
2026-10-08 16:16:52.937782: Epoch 69
2026-10-08 16:16:52.938964: Current learning rate: 0.00848
2026-10-08 16:19:47.850348: train_loss -0.7976
2026-10-08 16:19:47.854219: val_loss -0.7672
2026-10-08 16:19:47.855615: Pseudo dice [np.float32(0.9003), np.float32(0.8174), np.float32(0.7285), np.float32(0.8195)]
2026-10-08 16:19:47.856538: Epoch time: 174.92 s
2026-10-08 16:19:48.477450: 
2026-10-08 16:19:48.478532: Epoch 70
2026-10-08 16:19:48.479630: Current learning rate: 0.00846
2026-10-08 16:22:43.587683: train_loss -0.7945
2026-10-08 16:22:43.592142: val_loss -0.7883
2026-10-08 16:22:43.593727: Pseudo dice [np.float32(0.8943), np.float32(0.8165), np.float32(0.748), np.float32(0.8249)]
2026-10-08 16:22:43.595089: Epoch time: 175.11 s
2026-10-08 16:22:44.211787: 
2026-10-08 16:22:44.213471: Epoch 71
2026-10-08 16:22:44.214965: Current learning rate: 0.00843
2026-10-08 16:25:39.158313: train_loss -0.7973
2026-10-08 16:25:39.161917: val_loss -0.8017
2026-10-08 16:25:39.163278: Pseudo dice [np.float32(0.8986), np.float32(0.8411), np.float32(0.8029), np.float32(0.8276)]
2026-10-08 16:25:39.164685: Epoch time: 174.95 s
2026-10-08 16:25:39.166187: Yayy! New best EMA pseudo Dice: 0.8259999752044678
2026-10-08 16:25:44.518643: 
2026-10-08 16:25:44.520295: Epoch 72
2026-10-08 16:25:44.521868: Current learning rate: 0.00841
2026-10-08 16:28:39.437435: train_loss -0.7994
2026-10-08 16:28:39.441272: val_loss -0.7897
2026-10-08 16:28:39.442754: Pseudo dice [np.float32(0.8899), np.float32(0.8325), np.float32(0.7745), np.float32(0.8233)]
2026-10-08 16:28:39.444186: Epoch time: 174.92 s
2026-10-08 16:28:39.445355: Yayy! New best EMA pseudo Dice: 0.8263999819755554
2026-10-08 16:28:40.766227: 
2026-10-08 16:28:40.767689: Epoch 73
2026-10-08 16:28:40.768939: Current learning rate: 0.00839
2026-10-08 16:31:35.710913: train_loss -0.7996
2026-10-08 16:31:35.714959: val_loss -0.7836
2026-10-08 16:31:35.716214: Pseudo dice [np.float32(0.8908), np.float32(0.818), np.float32(0.7627), np.float32(0.8108)]
2026-10-08 16:31:35.717441: Epoch time: 174.95 s
2026-10-08 16:31:36.602854: 
2026-10-08 16:31:36.604509: Epoch 74
2026-10-08 16:31:36.605790: Current learning rate: 0.00837
2026-10-08 16:34:31.612369: train_loss -0.8023
2026-10-08 16:34:31.615722: val_loss -0.7909
2026-10-08 16:34:31.617038: Pseudo dice [np.float32(0.8891), np.float32(0.8276), np.float32(0.7872), np.float32(0.8282)]
2026-10-08 16:34:31.618306: Epoch time: 175.01 s
2026-10-08 16:34:32.340101: Yayy! New best EMA pseudo Dice: 0.8264999985694885
2026-10-08 16:34:33.664521: 
2026-10-08 16:34:33.665812: Epoch 75
2026-10-08 16:34:33.666980: Current learning rate: 0.00835
2026-10-08 16:37:28.705777: train_loss -0.8045
2026-10-08 16:37:28.709048: val_loss -0.7927
2026-10-08 16:37:28.710191: Pseudo dice [np.float32(0.8961), np.float32(0.8314), np.float32(0.7545), np.float32(0.8357)]
2026-10-08 16:37:28.711351: Epoch time: 175.04 s
2026-10-08 16:37:28.712381: Yayy! New best EMA pseudo Dice: 0.8267999887466431
2026-10-08 16:37:30.049271: 
2026-10-08 16:37:30.050720: Epoch 76
2026-10-08 16:37:30.052055: Current learning rate: 0.00832
2026-10-08 16:40:24.988050: train_loss -0.8081
2026-10-08 16:40:24.991309: val_loss -0.7864
2026-10-08 16:40:24.992373: Pseudo dice [np.float32(0.8944), np.float32(0.829), np.float32(0.7553), np.float32(0.809)]
2026-10-08 16:40:24.993336: Epoch time: 174.94 s
2026-10-08 16:40:25.614774: 
2026-10-08 16:40:25.615988: Epoch 77
2026-10-08 16:40:25.617376: Current learning rate: 0.0083
2026-10-08 16:43:20.456259: train_loss -0.8047
2026-10-08 16:43:20.459921: val_loss -0.8073
2026-10-08 16:43:20.461087: Pseudo dice [np.float32(0.8961), np.float32(0.8352), np.float32(0.7817), np.float32(0.8406)]
2026-10-08 16:43:20.462497: Epoch time: 174.84 s
2026-10-08 16:43:20.463942: Yayy! New best EMA pseudo Dice: 0.8274999856948853
2026-10-08 16:43:22.016211: 
2026-10-08 16:43:22.017962: Epoch 78
2026-10-08 16:43:22.019012: Current learning rate: 0.00828
2026-10-08 16:46:16.904693: train_loss -0.8027
2026-10-08 16:46:16.908871: val_loss -0.7993
2026-10-08 16:46:16.910477: Pseudo dice [np.float32(0.9036), np.float32(0.8274), np.float32(0.7659), np.float32(0.8387)]
2026-10-08 16:46:16.911632: Epoch time: 174.89 s
2026-10-08 16:46:16.912762: Yayy! New best EMA pseudo Dice: 0.8281999826431274
2026-10-08 16:46:18.441061: 
2026-10-08 16:46:18.442389: Epoch 79
2026-10-08 16:46:18.443530: Current learning rate: 0.00826
2026-10-08 16:49:13.321167: train_loss -0.8004
2026-10-08 16:49:13.324013: val_loss -0.7875
2026-10-08 16:49:13.324947: Pseudo dice [np.float32(0.8952), np.float32(0.832), np.float32(0.7601), np.float32(0.827)]
2026-10-08 16:49:13.326016: Epoch time: 174.88 s
2026-10-08 16:49:13.327148: Yayy! New best EMA pseudo Dice: 0.8281999826431274
2026-10-08 16:49:14.987804: 
2026-10-08 16:49:14.988837: Epoch 80
2026-10-08 16:49:14.989715: Current learning rate: 0.00823
2026-10-08 16:52:10.027651: train_loss -0.8063
2026-10-08 16:52:10.031638: val_loss -0.7795
2026-10-08 16:52:10.032929: Pseudo dice [np.float32(0.895), np.float32(0.819), np.float32(0.7558), np.float32(0.827)]
2026-10-08 16:52:10.034410: Epoch time: 175.04 s
2026-10-08 16:52:10.832417: 
2026-10-08 16:52:10.835680: Epoch 81
2026-10-08 16:52:10.836977: Current learning rate: 0.00821
2026-10-08 16:55:05.883492: train_loss -0.8037
2026-10-08 16:55:05.887102: val_loss -0.8034
2026-10-08 16:55:05.888215: Pseudo dice [np.float32(0.8994), np.float32(0.8457), np.float32(0.7739), np.float32(0.8478)]
2026-10-08 16:55:05.889272: Epoch time: 175.05 s
2026-10-08 16:55:05.890356: Yayy! New best EMA pseudo Dice: 0.829200029373169
2026-10-08 16:55:07.990064: 
2026-10-08 16:55:07.991252: Epoch 82
2026-10-08 16:55:07.992344: Current learning rate: 0.00819
2026-10-08 16:58:02.934599: train_loss -0.8002
2026-10-08 16:58:02.938537: val_loss -0.7869
2026-10-08 16:58:02.939477: Pseudo dice [np.float32(0.9038), np.float32(0.8361), np.float32(0.7637), np.float32(0.8278)]
2026-10-08 16:58:02.940380: Epoch time: 174.95 s
2026-10-08 16:58:02.941359: Yayy! New best EMA pseudo Dice: 0.8295999765396118
2026-10-08 16:58:04.277281: 
2026-10-08 16:58:04.278789: Epoch 83
2026-10-08 16:58:04.280290: Current learning rate: 0.00817
2026-10-08 17:00:59.326506: train_loss -0.8117
2026-10-08 17:00:59.330758: val_loss -0.7765
2026-10-08 17:00:59.333143: Pseudo dice [np.float32(0.8947), np.float32(0.8127), np.float32(0.7476), np.float32(0.8272)]
2026-10-08 17:00:59.334563: Epoch time: 175.05 s
2026-10-08 17:00:59.937978: 
2026-10-08 17:00:59.939792: Epoch 84
2026-10-08 17:00:59.940833: Current learning rate: 0.00814
2026-10-08 17:03:54.976067: train_loss -0.8023
2026-10-08 17:03:54.979129: val_loss -0.7812
2026-10-08 17:03:54.980124: Pseudo dice [np.float32(0.8901), np.float32(0.8257), np.float32(0.7632), np.float32(0.8334)]
2026-10-08 17:03:54.981176: Epoch time: 175.04 s
2026-10-08 17:03:55.589547: 
2026-10-08 17:03:55.591034: Epoch 85
2026-10-08 17:03:55.592285: Current learning rate: 0.00812
2026-10-08 17:06:50.520613: train_loss -0.8101
2026-10-08 17:06:50.524279: val_loss -0.7977
2026-10-08 17:06:50.525952: Pseudo dice [np.float32(0.9005), np.float32(0.8373), np.float32(0.762), np.float32(0.8328)]
2026-10-08 17:06:50.527225: Epoch time: 174.93 s
2026-10-08 17:06:51.130733: 
2026-10-08 17:06:51.132340: Epoch 86
2026-10-08 17:06:51.133932: Current learning rate: 0.0081
2026-10-08 17:09:46.043526: train_loss -0.7961
2026-10-08 17:09:46.048314: val_loss -0.7929
2026-10-08 17:09:46.049445: Pseudo dice [np.float32(0.8871), np.float32(0.8418), np.float32(0.7598), np.float32(0.8283)]
2026-10-08 17:09:46.050507: Epoch time: 174.92 s
2026-10-08 17:09:46.657338: 
2026-10-08 17:09:46.658504: Epoch 87
2026-10-08 17:09:46.660016: Current learning rate: 0.00808
2026-10-08 17:12:41.642786: train_loss -0.8088
2026-10-08 17:12:41.646108: val_loss -0.7981
2026-10-08 17:12:41.647155: Pseudo dice [np.float32(0.8899), np.float32(0.8318), np.float32(0.7788), np.float32(0.8224)]
2026-10-08 17:12:41.648358: Epoch time: 174.99 s
2026-10-08 17:12:42.256572: 
2026-10-08 17:12:42.257687: Epoch 88
2026-10-08 17:12:42.258709: Current learning rate: 0.00806
2026-10-08 17:15:37.099560: train_loss -0.8073
2026-10-08 17:15:37.103339: val_loss -0.7795
2026-10-08 17:15:37.104646: Pseudo dice [np.float32(0.894), np.float32(0.8137), np.float32(0.7511), np.float32(0.8289)]
2026-10-08 17:15:37.105674: Epoch time: 174.85 s
2026-10-08 17:15:37.713581: 
2026-10-08 17:15:37.714816: Epoch 89
2026-10-08 17:15:37.715813: Current learning rate: 0.00803
2026-10-08 17:18:32.646405: train_loss -0.8012
2026-10-08 17:18:32.650952: val_loss -0.7973
2026-10-08 17:18:32.652059: Pseudo dice [np.float32(0.8962), np.float32(0.8248), np.float32(0.7654), np.float32(0.8359)]
2026-10-08 17:18:32.653469: Epoch time: 174.94 s
2026-10-08 17:18:33.264467: 
2026-10-08 17:18:33.265788: Epoch 90
2026-10-08 17:18:33.266797: Current learning rate: 0.00801
2026-10-08 17:21:28.236162: train_loss -0.8022
2026-10-08 17:21:28.241124: val_loss -0.7744
2026-10-08 17:21:28.243083: Pseudo dice [np.float32(0.8908), np.float32(0.8193), np.float32(0.7506), np.float32(0.8147)]
2026-10-08 17:21:28.244940: Epoch time: 174.97 s
2026-10-08 17:21:28.858083: 
2026-10-08 17:21:28.859664: Epoch 91
2026-10-08 17:21:28.860966: Current learning rate: 0.00799
2026-10-08 17:24:23.709702: train_loss -0.8077
2026-10-08 17:24:23.717097: val_loss -0.7974
2026-10-08 17:24:23.718574: Pseudo dice [np.float32(0.903), np.float32(0.8414), np.float32(0.767), np.float32(0.8208)]
2026-10-08 17:24:23.720070: Epoch time: 174.85 s
2026-10-08 17:24:24.332368: 
2026-10-08 17:24:24.333857: Epoch 92
2026-10-08 17:24:24.335172: Current learning rate: 0.00797
2026-10-08 17:27:19.246077: train_loss -0.8081
2026-10-08 17:27:19.249669: val_loss -0.7941
2026-10-08 17:27:19.251066: Pseudo dice [np.float32(0.8994), np.float32(0.8393), np.float32(0.7811), np.float32(0.8285)]
2026-10-08 17:27:19.252338: Epoch time: 174.92 s
2026-10-08 17:27:19.861746: 
2026-10-08 17:27:19.864117: Epoch 93
2026-10-08 17:27:19.866958: Current learning rate: 0.00794
2026-10-08 17:30:14.909190: train_loss -0.8057
2026-10-08 17:30:14.916075: val_loss -0.7811
2026-10-08 17:30:14.917883: Pseudo dice [np.float32(0.8979), np.float32(0.8237), np.float32(0.7601), np.float32(0.8286)]
2026-10-08 17:30:14.919755: Epoch time: 175.05 s
2026-10-08 17:30:15.519115: 
2026-10-08 17:30:15.520641: Epoch 94
2026-10-08 17:30:15.521925: Current learning rate: 0.00792
2026-10-08 17:33:10.577657: train_loss -0.8099
2026-10-08 17:33:10.582015: val_loss -0.7946
2026-10-08 17:33:10.583781: Pseudo dice [np.float32(0.9056), np.float32(0.8316), np.float32(0.7781), np.float32(0.8239)]
2026-10-08 17:33:10.585137: Epoch time: 175.06 s
2026-10-08 17:33:11.184797: 
2026-10-08 17:33:11.186633: Epoch 95
2026-10-08 17:33:11.187780: Current learning rate: 0.0079
2026-10-08 17:36:06.282899: train_loss -0.8144
2026-10-08 17:36:06.287911: val_loss -0.7868
2026-10-08 17:36:06.289650: Pseudo dice [np.float32(0.8984), np.float32(0.8354), np.float32(0.7508), np.float32(0.8232)]
2026-10-08 17:36:06.291473: Epoch time: 175.1 s
2026-10-08 17:36:06.892570: 
2026-10-08 17:36:06.893998: Epoch 96
2026-10-08 17:36:06.895226: Current learning rate: 0.00788
2026-10-08 17:39:01.922191: train_loss -0.8095
2026-10-08 17:39:01.928410: val_loss -0.805
2026-10-08 17:39:01.929836: Pseudo dice [np.float32(0.9024), np.float32(0.8387), np.float32(0.786), np.float32(0.8396)]
2026-10-08 17:39:01.931642: Epoch time: 175.03 s
2026-10-08 17:39:01.933383: Yayy! New best EMA pseudo Dice: 0.8305000066757202
2026-10-08 17:39:03.265279: 
2026-10-08 17:39:03.266766: Epoch 97
2026-10-08 17:39:03.268162: Current learning rate: 0.00785
2026-10-08 17:41:58.284819: train_loss -0.8063
2026-10-08 17:41:58.289660: val_loss -0.7893
2026-10-08 17:41:58.291037: Pseudo dice [np.float32(0.9001), np.float32(0.8293), np.float32(0.7739), np.float32(0.8242)]
2026-10-08 17:41:58.292290: Epoch time: 175.02 s
2026-10-08 17:41:58.293469: Yayy! New best EMA pseudo Dice: 0.8306999802589417
2026-10-08 17:42:00.071960: 
2026-10-08 17:42:00.073542: Epoch 98
2026-10-08 17:42:00.074840: Current learning rate: 0.00783
2026-10-08 17:44:55.169094: train_loss -0.8089
2026-10-08 17:44:55.172653: val_loss -0.7971
2026-10-08 17:44:55.173897: Pseudo dice [np.float32(0.9006), np.float32(0.8274), np.float32(0.7676), np.float32(0.8324)]
2026-10-08 17:44:55.175275: Epoch time: 175.1 s
2026-10-08 17:44:55.176567: Yayy! New best EMA pseudo Dice: 0.8307999968528748
2026-10-08 17:44:56.501911: 
2026-10-08 17:44:56.503738: Epoch 99
2026-10-08 17:44:56.505187: Current learning rate: 0.00781
2026-10-08 17:47:51.389950: train_loss -0.8152
2026-10-08 17:47:51.395490: val_loss -0.7868
2026-10-08 17:47:51.396760: Pseudo dice [np.float32(0.9008), np.float32(0.8249), np.float32(0.7646), np.float32(0.8134)]
2026-10-08 17:47:51.397924: Epoch time: 174.89 s
2026-10-08 17:47:52.921683: 
2026-10-08 17:47:52.923037: Epoch 100
2026-10-08 17:47:52.924175: Current learning rate: 0.00779
2026-10-08 17:50:47.830230: train_loss -0.8097
2026-10-08 17:50:47.833778: val_loss -0.7918
2026-10-08 17:50:47.835439: Pseudo dice [np.float32(0.9019), np.float32(0.8312), np.float32(0.7689), np.float32(0.8172)]
2026-10-08 17:50:47.836704: Epoch time: 174.91 s
2026-10-08 17:50:48.439241: 
2026-10-08 17:50:48.441059: Epoch 101
2026-10-08 17:50:48.443174: Current learning rate: 0.00776
2026-10-08 17:53:43.490434: train_loss -0.8132
2026-10-08 17:53:43.493479: val_loss -0.8052
2026-10-08 17:53:43.494620: Pseudo dice [np.float32(0.9039), np.float32(0.8376), np.float32(0.7654), np.float32(0.8257)]
2026-10-08 17:53:43.495944: Epoch time: 175.05 s
2026-10-08 17:53:44.100644: 
2026-10-08 17:53:44.101990: Epoch 102
2026-10-08 17:53:44.103098: Current learning rate: 0.00774
2026-10-08 17:56:39.037947: train_loss -0.8195
2026-10-08 17:56:39.043267: val_loss -0.7993
2026-10-08 17:56:39.044590: Pseudo dice [np.float32(0.906), np.float32(0.8265), np.float32(0.7843), np.float32(0.8224)]
2026-10-08 17:56:39.045993: Epoch time: 174.94 s
2026-10-08 17:56:39.047150: Yayy! New best EMA pseudo Dice: 0.8309999704360962
2026-10-08 17:56:40.377905: 
2026-10-08 17:56:40.381365: Epoch 103
2026-10-08 17:56:40.383726: Current learning rate: 0.00772
2026-10-08 17:59:35.393474: train_loss -0.8141
2026-10-08 17:59:35.398098: val_loss -0.7976
2026-10-08 17:59:35.399568: Pseudo dice [np.float32(0.897), np.float32(0.8175), np.float32(0.7779), np.float32(0.837)]
2026-10-08 17:59:35.400808: Epoch time: 175.02 s
2026-10-08 17:59:35.402243: Yayy! New best EMA pseudo Dice: 0.8310999870300293
2026-10-08 17:59:36.737102: 
2026-10-08 17:59:36.739015: Epoch 104
2026-10-08 17:59:36.740853: Current learning rate: 0.0077
2026-10-08 18:02:31.790445: train_loss -0.8143
2026-10-08 18:02:31.794557: val_loss -0.7912
2026-10-08 18:02:31.797149: Pseudo dice [np.float32(0.8921), np.float32(0.8365), np.float32(0.7725), np.float32(0.823)]
2026-10-08 18:02:31.798798: Epoch time: 175.06 s
2026-10-08 18:02:32.402786: 
2026-10-08 18:02:32.404157: Epoch 105
2026-10-08 18:02:32.405508: Current learning rate: 0.00767
2026-10-08 18:05:27.318849: train_loss -0.8118
2026-10-08 18:05:27.325949: val_loss -0.8038
2026-10-08 18:05:27.327380: Pseudo dice [np.float32(0.9019), np.float32(0.8329), np.float32(0.7774), np.float32(0.8333)]
2026-10-08 18:05:27.329090: Epoch time: 174.92 s
2026-10-08 18:05:27.330591: Yayy! New best EMA pseudo Dice: 0.83160001039505
2026-10-08 18:05:28.907734: 
2026-10-08 18:05:28.909304: Epoch 106
2026-10-08 18:05:28.910719: Current learning rate: 0.00765
2026-10-08 18:08:23.815359: train_loss -0.8146
2026-10-08 18:08:23.818936: val_loss -0.7945
2026-10-08 18:08:23.820195: Pseudo dice [np.float32(0.8863), np.float32(0.8301), np.float32(0.7637), np.float32(0.8304)]
2026-10-08 18:08:23.821442: Epoch time: 174.91 s
2026-10-08 18:08:24.431187: 
2026-10-08 18:08:24.432573: Epoch 107
2026-10-08 18:08:24.433853: Current learning rate: 0.00763
2026-10-08 18:11:19.390885: train_loss -0.8165
2026-10-08 18:11:19.395133: val_loss -0.7978
2026-10-08 18:11:19.396536: Pseudo dice [np.float32(0.9006), np.float32(0.8351), np.float32(0.7817), np.float32(0.8315)]
2026-10-08 18:11:19.397684: Epoch time: 174.96 s
2026-10-08 18:11:19.398880: Yayy! New best EMA pseudo Dice: 0.8317999839782715
2026-10-08 18:11:20.725238: 
2026-10-08 18:11:20.727219: Epoch 108
2026-10-08 18:11:20.728885: Current learning rate: 0.00761
2026-10-08 18:14:15.710203: train_loss -0.8203
2026-10-08 18:14:15.713829: val_loss -0.803
2026-10-08 18:14:15.715269: Pseudo dice [np.float32(0.9007), np.float32(0.8351), np.float32(0.7718), np.float32(0.8312)]
2026-10-08 18:14:15.716564: Epoch time: 174.99 s
2026-10-08 18:14:15.718198: Yayy! New best EMA pseudo Dice: 0.832099974155426
2026-10-08 18:14:17.035878: 
2026-10-08 18:14:17.037246: Epoch 109
2026-10-08 18:14:17.038414: Current learning rate: 0.00758
2026-10-08 18:17:11.947124: train_loss -0.821
2026-10-08 18:17:11.951298: val_loss -0.7874
2026-10-08 18:17:11.952597: Pseudo dice [np.float32(0.9015), np.float32(0.8311), np.float32(0.7391), np.float32(0.8124)]
2026-10-08 18:17:11.953986: Epoch time: 174.91 s
2026-10-08 18:17:12.566977: 
2026-10-08 18:17:12.568942: Epoch 110
2026-10-08 18:17:12.570705: Current learning rate: 0.00756
2026-10-08 18:20:07.522290: train_loss -0.8187
2026-10-08 18:20:07.526163: val_loss -0.8042
2026-10-08 18:20:07.527405: Pseudo dice [np.float32(0.8945), np.float32(0.8383), np.float32(0.7724), np.float32(0.8259)]
2026-10-08 18:20:07.530001: Epoch time: 174.96 s
2026-10-08 18:20:08.134965: 
2026-10-08 18:20:08.137208: Epoch 111
2026-10-08 18:20:08.139291: Current learning rate: 0.00754
2026-10-08 18:23:03.016458: train_loss -0.821
2026-10-08 18:23:03.022337: val_loss -0.8067
2026-10-08 18:23:03.024173: Pseudo dice [np.float32(0.9029), np.float32(0.8407), np.float32(0.7805), np.float32(0.8324)]
2026-10-08 18:23:03.025820: Epoch time: 174.88 s
2026-10-08 18:23:03.744082: 
2026-10-08 18:23:03.747265: Epoch 112
2026-10-08 18:23:03.749579: Current learning rate: 0.00752
2026-10-08 18:25:58.613957: train_loss -0.8185
2026-10-08 18:25:58.618091: val_loss -0.7921
2026-10-08 18:25:58.619581: Pseudo dice [np.float32(0.8971), np.float32(0.8485), np.float32(0.7788), np.float32(0.8217)]
2026-10-08 18:25:58.620828: Epoch time: 174.87 s
2026-10-08 18:25:58.621971: Yayy! New best EMA pseudo Dice: 0.8324000239372253
2026-10-08 18:26:00.839825: 
2026-10-08 18:26:00.841050: Epoch 113
2026-10-08 18:26:00.842120: Current learning rate: 0.00749
2026-10-08 18:28:55.717417: train_loss -0.8154
2026-10-08 18:28:55.721563: val_loss -0.7997
2026-10-08 18:28:55.723372: Pseudo dice [np.float32(0.9047), np.float32(0.8397), np.float32(0.756), np.float32(0.8299)]
2026-10-08 18:28:55.725466: Epoch time: 174.88 s
2026-10-08 18:28:55.726925: Yayy! New best EMA pseudo Dice: 0.8324000239372253
2026-10-08 18:28:57.265463: 
2026-10-08 18:28:57.266856: Epoch 114
2026-10-08 18:28:57.268117: Current learning rate: 0.00747
2026-10-08 18:31:52.176363: train_loss -0.8211
2026-10-08 18:31:52.179948: val_loss -0.8092
2026-10-08 18:31:52.181303: Pseudo dice [np.float32(0.9003), np.float32(0.8372), np.float32(0.7737), np.float32(0.8415)]
2026-10-08 18:31:52.182720: Epoch time: 174.91 s
2026-10-08 18:31:52.184147: Yayy! New best EMA pseudo Dice: 0.8330000042915344
2026-10-08 18:31:53.929967: 
2026-10-08 18:31:53.931359: Epoch 115
2026-10-08 18:31:53.932703: Current learning rate: 0.00745
2026-10-08 18:34:48.770922: train_loss -0.8232
2026-10-08 18:34:48.774555: val_loss -0.8142
2026-10-08 18:34:48.775863: Pseudo dice [np.float32(0.9016), np.float32(0.8491), np.float32(0.7837), np.float32(0.8323)]
2026-10-08 18:34:48.777197: Epoch time: 174.84 s
2026-10-08 18:34:48.778327: Yayy! New best EMA pseudo Dice: 0.833899974822998
2026-10-08 18:34:50.544813: 
2026-10-08 18:34:50.546696: Epoch 116
2026-10-08 18:34:50.549109: Current learning rate: 0.00743
2026-10-08 18:37:45.552538: train_loss -0.8189
2026-10-08 18:37:45.557842: val_loss -0.7795
2026-10-08 18:37:45.559284: Pseudo dice [np.float32(0.909), np.float32(0.8213), np.float32(0.7366), np.float32(0.8114)]
2026-10-08 18:37:45.561326: Epoch time: 175.01 s
2026-10-08 18:37:46.180179: 
2026-10-08 18:37:46.181670: Epoch 117
2026-10-08 18:37:46.182953: Current learning rate: 0.0074
2026-10-08 18:40:41.088771: train_loss -0.8194
2026-10-08 18:40:41.093971: val_loss -0.7951
2026-10-08 18:40:41.096444: Pseudo dice [np.float32(0.9067), np.float32(0.8266), np.float32(0.7567), np.float32(0.8346)]
2026-10-08 18:40:41.097980: Epoch time: 174.91 s
2026-10-08 18:40:41.704810: 
2026-10-08 18:40:41.706125: Epoch 118
2026-10-08 18:40:41.707329: Current learning rate: 0.00738
2026-10-08 18:43:36.754458: train_loss -0.814
2026-10-08 18:43:36.764598: val_loss -0.799
2026-10-08 18:43:36.767714: Pseudo dice [np.float32(0.8944), np.float32(0.8281), np.float32(0.765), np.float32(0.8249)]
2026-10-08 18:43:36.769423: Epoch time: 175.05 s
2026-10-08 18:43:37.381139: 
2026-10-08 18:43:37.392379: Epoch 119
2026-10-08 18:43:37.403413: Current learning rate: 0.00736
2026-10-08 18:46:32.504595: train_loss -0.8242
2026-10-08 18:46:32.508391: val_loss -0.804
2026-10-08 18:46:32.509746: Pseudo dice [np.float32(0.904), np.float32(0.8432), np.float32(0.7587), np.float32(0.831)]
2026-10-08 18:46:32.511031: Epoch time: 175.13 s
2026-10-08 18:46:33.124184: 
2026-10-08 18:46:33.126392: Epoch 120
2026-10-08 18:46:33.128374: Current learning rate: 0.00734
2026-10-08 18:49:28.230008: train_loss -0.8214
2026-10-08 18:49:28.234166: val_loss -0.8153
2026-10-08 18:49:28.235958: Pseudo dice [np.float32(0.8899), np.float32(0.8528), np.float32(0.8008), np.float32(0.838)]
2026-10-08 18:49:28.237944: Epoch time: 175.11 s
2026-10-08 18:49:29.120128: 
2026-10-08 18:49:29.121641: Epoch 121
2026-10-08 18:49:29.122858: Current learning rate: 0.00731
2026-10-08 18:52:24.236363: train_loss -0.8203
2026-10-08 18:52:24.239851: val_loss -0.8047
2026-10-08 18:52:24.241031: Pseudo dice [np.float32(0.8961), np.float32(0.8415), np.float32(0.7692), np.float32(0.8209)]
2026-10-08 18:52:24.242300: Epoch time: 175.12 s
2026-10-08 18:52:24.854877: 
2026-10-08 18:52:24.856554: Epoch 122
2026-10-08 18:52:24.857904: Current learning rate: 0.00729
2026-10-08 18:55:19.894561: train_loss -0.8219
2026-10-08 18:55:19.899441: val_loss -0.8053
2026-10-08 18:55:19.900963: Pseudo dice [np.float32(0.8925), np.float32(0.8343), np.float32(0.7639), np.float32(0.8398)]
2026-10-08 18:55:19.902360: Epoch time: 175.04 s
2026-10-08 18:55:20.513746: 
2026-10-08 18:55:20.515372: Epoch 123
2026-10-08 18:55:20.516762: Current learning rate: 0.00727
2026-10-08 18:58:15.482065: train_loss -0.8243
2026-10-08 18:58:15.487034: val_loss -0.8001
2026-10-08 18:58:15.488276: Pseudo dice [np.float32(0.9053), np.float32(0.8254), np.float32(0.7607), np.float32(0.8142)]
2026-10-08 18:58:15.489486: Epoch time: 174.97 s
2026-10-08 18:58:16.102805: 
2026-10-08 18:58:16.104203: Epoch 124
2026-10-08 18:58:16.105453: Current learning rate: 0.00725
2026-10-08 19:01:11.207986: train_loss -0.8262
2026-10-08 19:01:11.215403: val_loss -0.8068
2026-10-08 19:01:11.216818: Pseudo dice [np.float32(0.9019), np.float32(0.8282), np.float32(0.7866), np.float32(0.8244)]
2026-10-08 19:01:11.218183: Epoch time: 175.11 s
2026-10-08 19:01:12.549245: 
2026-10-08 19:01:12.551408: Epoch 125
2026-10-08 19:01:12.553263: Current learning rate: 0.00722
2026-10-08 19:04:07.654389: train_loss -0.8265
2026-10-08 19:04:07.658137: val_loss -0.8173
2026-10-08 19:04:07.659365: Pseudo dice [np.float32(0.9055), np.float32(0.8528), np.float32(0.8011), np.float32(0.8313)]
2026-10-08 19:04:07.660582: Epoch time: 175.11 s
2026-10-08 19:04:07.661793: Yayy! New best EMA pseudo Dice: 0.8342999815940857
2026-10-08 19:04:09.000602: 
2026-10-08 19:04:09.002038: Epoch 126
2026-10-08 19:04:09.003285: Current learning rate: 0.0072
2026-10-08 19:07:03.940287: train_loss -0.8298
2026-10-08 19:07:03.943541: val_loss -0.7992
2026-10-08 19:07:03.945122: Pseudo dice [np.float32(0.901), np.float32(0.8323), np.float32(0.7647), np.float32(0.8283)]
2026-10-08 19:07:03.946263: Epoch time: 174.94 s
2026-10-08 19:07:04.557487: 
2026-10-08 19:07:04.558542: Epoch 127
2026-10-08 19:07:04.559479: Current learning rate: 0.00718
2026-10-08 19:09:59.493961: train_loss -0.8248
2026-10-08 19:09:59.497546: val_loss -0.7929
2026-10-08 19:09:59.498545: Pseudo dice [np.float32(0.8972), np.float32(0.8229), np.float32(0.7637), np.float32(0.835)]
2026-10-08 19:09:59.499775: Epoch time: 174.94 s
2026-10-08 19:10:00.107017: 
2026-10-08 19:10:00.108728: Epoch 128
2026-10-08 19:10:00.110605: Current learning rate: 0.00715
2026-10-08 19:12:55.029376: train_loss -0.8269
2026-10-08 19:12:55.033067: val_loss -0.7898
2026-10-08 19:12:55.034304: Pseudo dice [np.float32(0.8921), np.float32(0.8335), np.float32(0.7498), np.float32(0.8199)]
2026-10-08 19:12:55.035594: Epoch time: 174.92 s
2026-10-08 19:12:55.900619: 
2026-10-08 19:12:55.902168: Epoch 129
2026-10-08 19:12:55.907151: Current learning rate: 0.00713
2026-10-08 19:15:50.843372: train_loss -0.8312
2026-10-08 19:15:50.847657: val_loss -0.8058
2026-10-08 19:15:50.849466: Pseudo dice [np.float32(0.904), np.float32(0.8325), np.float32(0.7643), np.float32(0.8264)]
2026-10-08 19:15:50.851139: Epoch time: 174.95 s
2026-10-08 19:15:51.465366: 
2026-10-08 19:15:51.467120: Epoch 130
2026-10-08 19:15:51.468900: Current learning rate: 0.00711
2026-10-08 19:18:46.414217: train_loss -0.8286
2026-10-08 19:18:46.419074: val_loss -0.7895
2026-10-08 19:18:46.427319: Pseudo dice [np.float32(0.8928), np.float32(0.8343), np.float32(0.7616), np.float32(0.8127)]
2026-10-08 19:18:46.430785: Epoch time: 174.95 s
2026-10-08 19:18:47.046792: 
2026-10-08 19:18:47.048403: Epoch 131
2026-10-08 19:18:47.049767: Current learning rate: 0.00709
2026-10-08 19:21:42.066169: train_loss -0.8321
2026-10-08 19:21:42.072093: val_loss -0.8077
2026-10-08 19:21:42.073361: Pseudo dice [np.float32(0.9029), np.float32(0.8436), np.float32(0.768), np.float32(0.8295)]
2026-10-08 19:21:42.074770: Epoch time: 175.02 s
2026-10-08 19:21:42.685410: 
2026-10-08 19:21:42.686728: Epoch 132
2026-10-08 19:21:42.687985: Current learning rate: 0.00706
2026-10-08 19:24:37.640942: train_loss -0.8252
2026-10-08 19:24:37.643918: val_loss -0.8027
2026-10-08 19:24:37.645289: Pseudo dice [np.float32(0.9054), np.float32(0.8322), np.float32(0.7499), np.float32(0.8335)]
2026-10-08 19:24:37.646464: Epoch time: 174.96 s
2026-10-08 19:24:38.256861: 
2026-10-08 19:24:38.258153: Epoch 133
2026-10-08 19:24:38.259291: Current learning rate: 0.00704
2026-10-08 19:27:33.229034: train_loss -0.8288
2026-10-08 19:27:33.233618: val_loss -0.8057
2026-10-08 19:27:33.234792: Pseudo dice [np.float32(0.9011), np.float32(0.8366), np.float32(0.7738), np.float32(0.8263)]
2026-10-08 19:27:33.236126: Epoch time: 174.97 s
2026-10-08 19:27:33.851105: 
2026-10-08 19:27:33.853923: Epoch 134
2026-10-08 19:27:33.856465: Current learning rate: 0.00702
2026-10-08 19:30:28.942955: train_loss -0.8244
2026-10-08 19:30:28.950231: val_loss -0.7998
2026-10-08 19:30:28.951434: Pseudo dice [np.float32(0.902), np.float32(0.8292), np.float32(0.7823), np.float32(0.8183)]
2026-10-08 19:30:28.952644: Epoch time: 175.09 s
2026-10-08 19:30:29.573916: 
2026-10-08 19:30:29.575313: Epoch 135
2026-10-08 19:30:29.576499: Current learning rate: 0.007
2026-10-08 19:33:24.607921: train_loss -0.8299
2026-10-08 19:33:24.611473: val_loss -0.8014
2026-10-08 19:33:24.612709: Pseudo dice [np.float32(0.9059), np.float32(0.8386), np.float32(0.7653), np.float32(0.8277)]
2026-10-08 19:33:24.613885: Epoch time: 175.04 s
2026-10-08 19:33:25.227845: 
2026-10-08 19:33:25.229281: Epoch 136
2026-10-08 19:33:25.230422: Current learning rate: 0.00697
2026-10-08 19:36:20.140588: train_loss -0.8264
2026-10-08 19:36:20.146361: val_loss -0.8025
2026-10-08 19:36:20.147720: Pseudo dice [np.float32(0.8986), np.float32(0.8483), np.float32(0.7708), np.float32(0.8301)]
2026-10-08 19:36:20.149071: Epoch time: 174.92 s
2026-10-08 19:36:20.770342: 
2026-10-08 19:36:20.771817: Epoch 137
2026-10-08 19:36:20.773252: Current learning rate: 0.00695
2026-10-08 19:39:15.816884: train_loss -0.8251
2026-10-08 19:39:15.821249: val_loss -0.8097
2026-10-08 19:39:15.822559: Pseudo dice [np.float32(0.8968), np.float32(0.8278), np.float32(0.785), np.float32(0.8395)]
2026-10-08 19:39:15.823828: Epoch time: 175.05 s
2026-10-08 19:39:16.444769: 
2026-10-08 19:39:16.446281: Epoch 138
2026-10-08 19:39:16.447381: Current learning rate: 0.00693
2026-10-08 19:42:11.340342: train_loss -0.8304
2026-10-08 19:42:11.345202: val_loss -0.7967
2026-10-08 19:42:11.346503: Pseudo dice [np.float32(0.8932), np.float32(0.8351), np.float32(0.7403), np.float32(0.8337)]
2026-10-08 19:42:11.347701: Epoch time: 174.9 s
2026-10-08 19:42:11.961738: 
2026-10-08 19:42:11.963228: Epoch 139
2026-10-08 19:42:11.964856: Current learning rate: 0.0069
2026-10-08 19:45:06.830290: train_loss -0.8288
2026-10-08 19:45:06.834288: val_loss -0.8075
2026-10-08 19:45:06.835503: Pseudo dice [np.float32(0.9032), np.float32(0.8429), np.float32(0.7737), np.float32(0.8181)]
2026-10-08 19:45:06.836636: Epoch time: 174.87 s
2026-10-08 19:45:07.457601: 
2026-10-08 19:45:07.458865: Epoch 140
2026-10-08 19:45:07.460249: Current learning rate: 0.00688
2026-10-08 19:48:02.317371: train_loss -0.8301
2026-10-08 19:48:02.320529: val_loss -0.7971
2026-10-08 19:48:02.321442: Pseudo dice [np.float32(0.8843), np.float32(0.8299), np.float32(0.7709), np.float32(0.8203)]
2026-10-08 19:48:02.322366: Epoch time: 174.86 s
2026-10-08 19:48:02.941071: 
2026-10-08 19:48:02.943049: Epoch 141
2026-10-08 19:48:02.944212: Current learning rate: 0.00686
2026-10-08 19:50:57.803545: train_loss -0.825
2026-10-08 19:50:57.807556: val_loss -0.7959
2026-10-08 19:50:57.809067: Pseudo dice [np.float32(0.9026), np.float32(0.8409), np.float32(0.7529), np.float32(0.8383)]
2026-10-08 19:50:57.810404: Epoch time: 174.86 s
2026-10-08 19:50:58.427278: 
2026-10-08 19:50:58.428346: Epoch 142
2026-10-08 19:50:58.429298: Current learning rate: 0.00684
2026-10-08 19:53:53.291521: train_loss -0.8318
2026-10-08 19:53:53.296309: val_loss -0.7972
2026-10-08 19:53:53.297832: Pseudo dice [np.float32(0.9036), np.float32(0.8441), np.float32(0.7734), np.float32(0.8398)]
2026-10-08 19:53:53.299135: Epoch time: 174.87 s
2026-10-08 19:53:53.918634: 
2026-10-08 19:53:53.920189: Epoch 143
2026-10-08 19:53:53.921436: Current learning rate: 0.00681
2026-10-08 19:56:48.812488: train_loss -0.8334
2026-10-08 19:56:48.816126: val_loss -0.8008
2026-10-08 19:56:48.817345: Pseudo dice [np.float32(0.8867), np.float32(0.8318), np.float32(0.7704), np.float32(0.8416)]
2026-10-08 19:56:48.818732: Epoch time: 174.9 s
2026-10-08 19:56:49.531747: 
2026-10-08 19:56:49.533462: Epoch 144
2026-10-08 19:56:49.534791: Current learning rate: 0.00679
2026-10-08 19:59:44.534826: train_loss -0.8252
2026-10-08 19:59:44.539895: val_loss -0.7933
2026-10-08 19:59:44.541246: Pseudo dice [np.float32(0.8962), np.float32(0.8446), np.float32(0.7914), np.float32(0.8234)]
2026-10-08 19:59:44.542568: Epoch time: 175.01 s
2026-10-08 19:59:45.391403: 
2026-10-08 19:59:45.393389: Epoch 145
2026-10-08 19:59:45.395158: Current learning rate: 0.00677
2026-10-08 20:02:40.449209: train_loss -0.8323
2026-10-08 20:02:40.453258: val_loss -0.7891
2026-10-08 20:02:40.454494: Pseudo dice [np.float32(0.8919), np.float32(0.8271), np.float32(0.7431), np.float32(0.8229)]
2026-10-08 20:02:40.455852: Epoch time: 175.06 s
2026-10-08 20:02:41.090378: 
2026-10-08 20:02:41.091838: Epoch 146
2026-10-08 20:02:41.093038: Current learning rate: 0.00675
2026-10-08 20:05:36.009591: train_loss -0.828
2026-10-08 20:05:36.013757: val_loss -0.8013
2026-10-08 20:05:36.014849: Pseudo dice [np.float32(0.9119), np.float32(0.8353), np.float32(0.7733), np.float32(0.8225)]
2026-10-08 20:05:36.016156: Epoch time: 174.92 s
2026-10-08 20:05:36.646611: 
2026-10-08 20:05:36.648077: Epoch 147
2026-10-08 20:05:36.649766: Current learning rate: 0.00672
2026-10-08 20:08:31.618883: train_loss -0.8328
2026-10-08 20:08:31.623173: val_loss -0.8016
2026-10-08 20:08:31.624252: Pseudo dice [np.float32(0.8984), np.float32(0.8381), np.float32(0.7939), np.float32(0.8312)]
2026-10-08 20:08:31.625939: Epoch time: 174.97 s
2026-10-08 20:08:32.255541: 
2026-10-08 20:08:32.256709: Epoch 148
2026-10-08 20:08:32.257823: Current learning rate: 0.0067
2026-10-08 20:11:27.304691: train_loss -0.834
2026-10-08 20:11:27.307970: val_loss -0.7997
2026-10-08 20:11:27.309277: Pseudo dice [np.float32(0.8978), np.float32(0.8361), np.float32(0.7848), np.float32(0.8201)]
2026-10-08 20:11:27.310477: Epoch time: 175.05 s
2026-10-08 20:11:27.951398: 
2026-10-08 20:11:27.953508: Epoch 149
2026-10-08 20:11:27.955357: Current learning rate: 0.00668
2026-10-08 20:14:23.068408: train_loss -0.8343
2026-10-08 20:14:23.072582: val_loss -0.8153
2026-10-08 20:14:23.074216: Pseudo dice [np.float32(0.9054), np.float32(0.8453), np.float32(0.7844), np.float32(0.8368)]
2026-10-08 20:14:23.075660: Epoch time: 175.12 s
2026-10-08 20:14:23.833303: Yayy! New best EMA pseudo Dice: 0.8345999717712402
2026-10-08 20:14:25.147608: 
2026-10-08 20:14:25.149272: Epoch 150
2026-10-08 20:14:25.150574: Current learning rate: 0.00665
2026-10-08 20:17:20.217535: train_loss -0.8287
2026-10-08 20:17:20.232282: val_loss -0.8048
2026-10-08 20:17:20.233654: Pseudo dice [np.float32(0.9023), np.float32(0.8359), np.float32(0.7751), np.float32(0.8395)]
2026-10-08 20:17:20.235004: Epoch time: 175.07 s
2026-10-08 20:17:20.236213: Yayy! New best EMA pseudo Dice: 0.8349000215530396
2026-10-08 20:17:21.569177: 
2026-10-08 20:17:21.570637: Epoch 151
2026-10-08 20:17:21.571850: Current learning rate: 0.00663
2026-10-08 20:20:16.609855: train_loss -0.8342
2026-10-08 20:20:16.613262: val_loss -0.8159
2026-10-08 20:20:16.614548: Pseudo dice [np.float32(0.8947), np.float32(0.8531), np.float32(0.7875), np.float32(0.8354)]
2026-10-08 20:20:16.615770: Epoch time: 175.04 s
2026-10-08 20:20:16.616939: Yayy! New best EMA pseudo Dice: 0.8356999754905701
2026-10-08 20:20:17.955901: 
2026-10-08 20:20:17.957522: Epoch 152
2026-10-08 20:20:17.958753: Current learning rate: 0.00661
2026-10-08 20:23:12.922445: train_loss -0.8382
2026-10-08 20:23:12.927852: val_loss -0.8134
2026-10-08 20:23:12.929156: Pseudo dice [np.float32(0.9056), np.float32(0.8552), np.float32(0.7856), np.float32(0.8366)]
2026-10-08 20:23:12.930632: Epoch time: 174.97 s
2026-10-08 20:23:12.931855: Yayy! New best EMA pseudo Dice: 0.8367000222206116
2026-10-08 20:23:14.283881: 
2026-10-08 20:23:14.285295: Epoch 153
2026-10-08 20:23:14.286397: Current learning rate: 0.00659
2026-10-08 20:26:09.273190: train_loss -0.8365
2026-10-08 20:26:09.277538: val_loss -0.8007
2026-10-08 20:26:09.278530: Pseudo dice [np.float32(0.8968), np.float32(0.8254), np.float32(0.7769), np.float32(0.8213)]
2026-10-08 20:26:09.279826: Epoch time: 174.99 s
2026-10-08 20:26:09.905506: 
2026-10-08 20:26:09.906892: Epoch 154
2026-10-08 20:26:09.910794: Current learning rate: 0.00656
2026-10-08 20:29:04.796389: train_loss -0.8377
2026-10-08 20:29:04.800337: val_loss -0.797
2026-10-08 20:29:04.801640: Pseudo dice [np.float32(0.8952), np.float32(0.83), np.float32(0.7665), np.float32(0.8354)]
2026-10-08 20:29:04.802824: Epoch time: 174.89 s
2026-10-08 20:29:05.428504: 
2026-10-08 20:29:05.429606: Epoch 155
2026-10-08 20:29:05.430737: Current learning rate: 0.00654
2026-10-08 20:32:00.467012: train_loss -0.8326
2026-10-08 20:32:00.471066: val_loss -0.8022
2026-10-08 20:32:00.472116: Pseudo dice [np.float32(0.8967), np.float32(0.8411), np.float32(0.7732), np.float32(0.8318)]
2026-10-08 20:32:00.473138: Epoch time: 175.04 s
2026-10-08 20:32:01.101499: 
2026-10-08 20:32:01.102879: Epoch 156
2026-10-08 20:32:01.103878: Current learning rate: 0.00652
2026-10-08 20:34:56.015644: train_loss -0.8368
2026-10-08 20:34:56.018684: val_loss -0.7949
2026-10-08 20:34:56.019680: Pseudo dice [np.float32(0.8961), np.float32(0.8341), np.float32(0.7688), np.float32(0.8228)]
2026-10-08 20:34:56.020612: Epoch time: 174.92 s
2026-10-08 20:34:56.647678: 
2026-10-08 20:34:56.649152: Epoch 157
2026-10-08 20:34:56.650105: Current learning rate: 0.00649
2026-10-08 20:37:51.561352: train_loss -0.8288
2026-10-08 20:37:51.566818: val_loss -0.8042
2026-10-08 20:37:51.568144: Pseudo dice [np.float32(0.8983), np.float32(0.8341), np.float32(0.7778), np.float32(0.8391)]
2026-10-08 20:37:51.569341: Epoch time: 174.92 s
2026-10-08 20:37:52.192426: 
2026-10-08 20:37:52.193705: Epoch 158
2026-10-08 20:37:52.194811: Current learning rate: 0.00647
2026-10-08 20:40:47.244757: train_loss -0.8233
2026-10-08 20:40:47.248408: val_loss -0.7938
2026-10-08 20:40:47.249676: Pseudo dice [np.float32(0.9033), np.float32(0.8181), np.float32(0.7655), np.float32(0.7992)]
2026-10-08 20:40:47.250868: Epoch time: 175.05 s
2026-10-08 20:40:47.875425: 
2026-10-08 20:40:47.876926: Epoch 159
2026-10-08 20:40:47.878140: Current learning rate: 0.00645
2026-10-08 20:43:42.792884: train_loss -0.8261
2026-10-08 20:43:42.799273: val_loss -0.8014
2026-10-08 20:43:42.801541: Pseudo dice [np.float32(0.9051), np.float32(0.8355), np.float32(0.7671), np.float32(0.8327)]
2026-10-08 20:43:42.803015: Epoch time: 174.92 s
2026-10-08 20:43:43.686321: 
2026-10-08 20:43:43.687911: Epoch 160
2026-10-08 20:43:43.689047: Current learning rate: 0.00642
2026-10-08 20:46:38.700691: train_loss -0.8298
2026-10-08 20:46:38.704818: val_loss -0.8005
2026-10-08 20:46:38.705929: Pseudo dice [np.float32(0.8968), np.float32(0.8237), np.float32(0.7784), np.float32(0.8342)]
2026-10-08 20:46:38.707572: Epoch time: 175.02 s
2026-10-08 20:46:39.334222: 
2026-10-08 20:46:39.335615: Epoch 161
2026-10-08 20:46:39.336710: Current learning rate: 0.0064
2026-10-08 20:49:34.382457: train_loss -0.8321
2026-10-08 20:49:34.388148: val_loss -0.8002
2026-10-08 20:49:34.389454: Pseudo dice [np.float32(0.9029), np.float32(0.8322), np.float32(0.7648), np.float32(0.8229)]
2026-10-08 20:49:34.390432: Epoch time: 175.05 s
2026-10-08 20:49:35.019201: 
2026-10-08 20:49:35.020387: Epoch 162
2026-10-08 20:49:35.021361: Current learning rate: 0.00638
2026-10-08 20:52:30.126284: train_loss -0.8324
2026-10-08 20:52:30.133276: val_loss -0.8168
2026-10-08 20:52:30.134679: Pseudo dice [np.float32(0.9013), np.float32(0.8431), np.float32(0.7802), np.float32(0.8354)]
2026-10-08 20:52:30.136027: Epoch time: 175.11 s
2026-10-08 20:52:30.762035: 
2026-10-08 20:52:30.764130: Epoch 163
2026-10-08 20:52:30.765476: Current learning rate: 0.00636
2026-10-08 20:55:25.902774: train_loss -0.8288
2026-10-08 20:55:25.906226: val_loss -0.8039
2026-10-08 20:55:25.907468: Pseudo dice [np.float32(0.8997), np.float32(0.841), np.float32(0.7793), np.float32(0.8192)]
2026-10-08 20:55:25.908737: Epoch time: 175.14 s
2026-10-08 20:55:26.535143: 
2026-10-08 20:55:26.536551: Epoch 164
2026-10-08 20:55:26.537919: Current learning rate: 0.00633
2026-10-08 20:58:21.468443: train_loss -0.8321
2026-10-08 20:58:21.472084: val_loss -0.8004
2026-10-08 20:58:21.474355: Pseudo dice [np.float32(0.9061), np.float32(0.835), np.float32(0.7548), np.float32(0.8316)]
2026-10-08 20:58:21.476253: Epoch time: 174.94 s
2026-10-08 20:58:22.095562: 
2026-10-08 20:58:22.097376: Epoch 165
2026-10-08 20:58:22.098766: Current learning rate: 0.00631
2026-10-08 21:01:17.020301: train_loss -0.8402
2026-10-08 21:01:17.024928: val_loss -0.7977
2026-10-08 21:01:17.026217: Pseudo dice [np.float32(0.8969), np.float32(0.8332), np.float32(0.7506), np.float32(0.8257)]
2026-10-08 21:01:17.027331: Epoch time: 174.93 s
2026-10-08 21:01:17.640824: 
2026-10-08 21:01:17.642084: Epoch 166
2026-10-08 21:01:17.643243: Current learning rate: 0.00629
2026-10-08 21:04:12.573661: train_loss -0.8386
2026-10-08 21:04:12.578114: val_loss -0.812
2026-10-08 21:04:12.579792: Pseudo dice [np.float32(0.9004), np.float32(0.8412), np.float32(0.7826), np.float32(0.8391)]
2026-10-08 21:04:12.581082: Epoch time: 174.94 s
2026-10-08 21:04:13.192413: 
2026-10-08 21:04:13.193945: Epoch 167
2026-10-08 21:04:13.195351: Current learning rate: 0.00626
2026-10-08 21:07:08.123651: train_loss -0.8405
2026-10-08 21:07:08.126872: val_loss -0.8105
2026-10-08 21:07:08.128110: Pseudo dice [np.float32(0.8987), np.float32(0.8457), np.float32(0.7891), np.float32(0.8473)]
2026-10-08 21:07:08.129337: Epoch time: 174.93 s
2026-10-08 21:07:08.750186: 
2026-10-08 21:07:08.754025: Epoch 168
2026-10-08 21:07:08.756058: Current learning rate: 0.00624
2026-10-08 21:10:03.764395: train_loss -0.837
2026-10-08 21:10:03.767814: val_loss -0.8047
2026-10-08 21:10:03.769290: Pseudo dice [np.float32(0.8961), np.float32(0.8486), np.float32(0.7711), np.float32(0.8415)]
2026-10-08 21:10:03.774893: Epoch time: 175.02 s
2026-10-08 21:10:04.395684: 
2026-10-08 21:10:04.397136: Epoch 169
2026-10-08 21:10:04.398328: Current learning rate: 0.00622
2026-10-08 21:12:59.575955: train_loss -0.8394
2026-10-08 21:12:59.580041: val_loss -0.7881
2026-10-08 21:12:59.581448: Pseudo dice [np.float32(0.8952), np.float32(0.8406), np.float32(0.7611), np.float32(0.8155)]
2026-10-08 21:12:59.582726: Epoch time: 175.18 s
2026-10-08 21:13:00.202605: 
2026-10-08 21:13:00.204605: Epoch 170
2026-10-08 21:13:00.206653: Current learning rate: 0.00619
2026-10-08 21:15:55.192928: train_loss -0.8422
2026-10-08 21:15:55.196033: val_loss -0.805
2026-10-08 21:15:55.197043: Pseudo dice [np.float32(0.9049), np.float32(0.8381), np.float32(0.7808), np.float32(0.833)]
2026-10-08 21:15:55.197992: Epoch time: 174.99 s
2026-10-08 21:15:55.818117: 
2026-10-08 21:15:55.819280: Epoch 171
2026-10-08 21:15:55.820376: Current learning rate: 0.00617
2026-10-08 21:18:50.938687: train_loss -0.8359
2026-10-08 21:18:50.944102: val_loss -0.8049
2026-10-08 21:18:50.945227: Pseudo dice [np.float32(0.8894), np.float32(0.8405), np.float32(0.7921), np.float32(0.836)]
2026-10-08 21:18:50.946275: Epoch time: 175.12 s
2026-10-08 21:18:51.565116: 
2026-10-08 21:18:51.566478: Epoch 172
2026-10-08 21:18:51.568034: Current learning rate: 0.00615
2026-10-08 21:21:46.627279: train_loss -0.8351
2026-10-08 21:21:46.637067: val_loss -0.793
2026-10-08 21:21:46.638409: Pseudo dice [np.float32(0.9027), np.float32(0.8259), np.float32(0.7724), np.float32(0.821)]
2026-10-08 21:21:46.639785: Epoch time: 175.06 s
2026-10-08 21:21:47.268803: 
2026-10-08 21:21:47.270511: Epoch 173
2026-10-08 21:21:47.271570: Current learning rate: 0.00613
2026-10-08 21:24:42.252869: train_loss -0.8363
2026-10-08 21:24:42.255934: val_loss -0.8041
2026-10-08 21:24:42.257012: Pseudo dice [np.float32(0.8983), np.float32(0.8431), np.float32(0.7797), np.float32(0.8239)]
2026-10-08 21:24:42.258011: Epoch time: 174.99 s
2026-10-08 21:24:42.878041: 
2026-10-08 21:24:42.879288: Epoch 174
2026-10-08 21:24:42.880306: Current learning rate: 0.0061
2026-10-08 21:27:38.010589: train_loss -0.8395
2026-10-08 21:27:38.014709: val_loss -0.7969
2026-10-08 21:27:38.015808: Pseudo dice [np.float32(0.9021), np.float32(0.8347), np.float32(0.7552), np.float32(0.8218)]
2026-10-08 21:27:38.017308: Epoch time: 175.13 s
2026-10-08 21:27:39.862183: 
2026-10-08 21:27:39.863590: Epoch 175
2026-10-08 21:27:39.864592: Current learning rate: 0.00608
2026-10-08 21:30:35.015802: train_loss -0.842
2026-10-08 21:30:35.019408: val_loss -0.8133
2026-10-08 21:30:35.020400: Pseudo dice [np.float32(0.9002), np.float32(0.8512), np.float32(0.7688), np.float32(0.822)]
2026-10-08 21:30:35.021435: Epoch time: 175.16 s
2026-10-08 21:30:35.904440: 
2026-10-08 21:30:35.905482: Epoch 176
2026-10-08 21:30:35.906363: Current learning rate: 0.00606
2026-10-08 21:33:30.938318: train_loss -0.8385
2026-10-08 21:33:30.942002: val_loss -0.7978
2026-10-08 21:33:30.942997: Pseudo dice [np.float32(0.8979), np.float32(0.8382), np.float32(0.7661), np.float32(0.8368)]
2026-10-08 21:33:30.943961: Epoch time: 175.04 s
2026-10-08 21:33:31.566791: 
2026-10-08 21:33:31.568713: Epoch 177
2026-10-08 21:33:31.570400: Current learning rate: 0.00603
2026-10-08 21:36:26.682672: train_loss -0.8394
2026-10-08 21:36:26.686096: val_loss -0.8122
2026-10-08 21:36:26.687273: Pseudo dice [np.float32(0.9107), np.float32(0.8327), np.float32(0.771), np.float32(0.8511)]
2026-10-08 21:36:26.688281: Epoch time: 175.12 s
2026-10-08 21:36:27.554562: 
2026-10-08 21:36:27.556934: Epoch 178
2026-10-08 21:36:27.558713: Current learning rate: 0.00601
2026-10-08 21:39:22.548635: train_loss -0.8425
2026-10-08 21:39:22.555399: val_loss -0.8044
2026-10-08 21:39:22.556867: Pseudo dice [np.float32(0.8922), np.float32(0.8413), np.float32(0.7885), np.float32(0.8448)]
2026-10-08 21:39:22.558003: Epoch time: 175.0 s
2026-10-08 21:39:23.424440: 
2026-10-08 21:39:23.425953: Epoch 179
2026-10-08 21:39:23.427205: Current learning rate: 0.00599
2026-10-08 21:42:18.375760: train_loss -0.8391
2026-10-08 21:42:18.379605: val_loss -0.7901
2026-10-08 21:42:18.380686: Pseudo dice [np.float32(0.9036), np.float32(0.8232), np.float32(0.7628), np.float32(0.8241)]
2026-10-08 21:42:18.381754: Epoch time: 174.95 s
2026-10-08 21:42:19.216096: 
2026-10-08 21:42:19.218870: Epoch 180
2026-10-08 21:42:19.221082: Current learning rate: 0.00596
2026-10-08 21:45:14.279385: train_loss -0.8382
2026-10-08 21:45:14.284146: val_loss -0.8077
2026-10-08 21:45:14.285306: Pseudo dice [np.float32(0.8932), np.float32(0.8429), np.float32(0.7829), np.float32(0.839)]
2026-10-08 21:45:14.286411: Epoch time: 175.07 s
2026-10-08 21:45:15.052741: 
2026-10-08 21:45:15.054343: Epoch 181
2026-10-08 21:45:15.055610: Current learning rate: 0.00594
2026-10-08 21:48:09.954982: train_loss -0.8344
2026-10-08 21:48:09.959199: val_loss -0.8009
2026-10-08 21:48:09.960728: Pseudo dice [np.float32(0.9019), np.float32(0.8301), np.float32(0.783), np.float32(0.8205)]
2026-10-08 21:48:09.962125: Epoch time: 174.9 s
2026-10-08 21:48:10.599852: 
2026-10-08 21:48:10.601012: Epoch 182
2026-10-08 21:48:10.602053: Current learning rate: 0.00592
2026-10-08 21:51:05.590408: train_loss -0.8458
2026-10-08 21:51:05.594207: val_loss -0.8093
2026-10-08 21:51:05.595270: Pseudo dice [np.float32(0.8998), np.float32(0.845), np.float32(0.7903), np.float32(0.8348)]
2026-10-08 21:51:05.596239: Epoch time: 174.99 s
2026-10-08 21:51:06.217196: 
2026-10-08 21:51:06.218322: Epoch 183
2026-10-08 21:51:06.219462: Current learning rate: 0.00589
2026-10-08 21:54:01.109096: train_loss -0.841
2026-10-08 21:54:01.114466: val_loss -0.8
2026-10-08 21:54:01.115705: Pseudo dice [np.float32(0.8759), np.float32(0.8418), np.float32(0.7736), np.float32(0.8319)]
2026-10-08 21:54:01.116916: Epoch time: 174.89 s
2026-10-08 21:54:01.730444: 
2026-10-08 21:54:01.731890: Epoch 184
2026-10-08 21:54:01.733202: Current learning rate: 0.00587
2026-10-08 21:56:56.593759: train_loss -0.8389
2026-10-08 21:56:56.599190: val_loss -0.7984
2026-10-08 21:56:56.600545: Pseudo dice [np.float32(0.8952), np.float32(0.8374), np.float32(0.7609), np.float32(0.8137)]
2026-10-08 21:56:56.601744: Epoch time: 174.87 s
2026-10-08 21:56:57.494146: 
2026-10-08 21:56:57.495711: Epoch 185
2026-10-08 21:56:57.497315: Current learning rate: 0.00585
2026-10-08 21:59:52.511225: train_loss -0.846
2026-10-08 21:59:52.516437: val_loss -0.7959
2026-10-08 21:59:52.518535: Pseudo dice [np.float32(0.8937), np.float32(0.8239), np.float32(0.753), np.float32(0.8122)]
2026-10-08 21:59:52.520233: Epoch time: 175.02 s
2026-10-08 21:59:53.136504: 
2026-10-08 21:59:53.137997: Epoch 186
2026-10-08 21:59:53.139423: Current learning rate: 0.00582
2026-10-08 22:02:48.149627: train_loss -0.8398
2026-10-08 22:02:48.154065: val_loss -0.8025
2026-10-08 22:02:48.155474: Pseudo dice [np.float32(0.9004), np.float32(0.8383), np.float32(0.7758), np.float32(0.8295)]
2026-10-08 22:02:48.156693: Epoch time: 175.02 s
2026-10-08 22:02:48.773325: 
2026-10-08 22:02:48.774830: Epoch 187
2026-10-08 22:02:48.776142: Current learning rate: 0.0058
2026-10-08 22:05:43.814043: train_loss -0.8453
2026-10-08 22:05:43.818376: val_loss -0.8097
2026-10-08 22:05:43.819794: Pseudo dice [np.float32(0.9114), np.float32(0.838), np.float32(0.7704), np.float32(0.8268)]
2026-10-08 22:05:43.821122: Epoch time: 175.04 s
2026-10-08 22:05:44.441209: 
2026-10-08 22:05:44.442942: Epoch 188
2026-10-08 22:05:44.444451: Current learning rate: 0.00578
2026-10-08 22:08:39.560727: train_loss -0.8425
2026-10-08 22:08:39.565157: val_loss -0.7981
2026-10-08 22:08:39.567132: Pseudo dice [np.float32(0.8891), np.float32(0.8348), np.float32(0.778), np.float32(0.8091)]
2026-10-08 22:08:39.569380: Epoch time: 175.12 s
2026-10-08 22:08:40.181550: 
2026-10-08 22:08:40.183353: Epoch 189
2026-10-08 22:08:40.184708: Current learning rate: 0.00576
2026-10-08 22:11:35.256169: train_loss -0.8387
2026-10-08 22:11:35.287669: val_loss -0.816
2026-10-08 22:11:35.307065: Pseudo dice [np.float32(0.909), np.float32(0.8436), np.float32(0.7788), np.float32(0.8271)]
2026-10-08 22:11:35.321458: Epoch time: 175.08 s
2026-10-08 22:11:35.937080: 
2026-10-08 22:11:35.938726: Epoch 190
2026-10-08 22:11:35.940184: Current learning rate: 0.00573
2026-10-08 22:14:30.968860: train_loss -0.8411
2026-10-08 22:14:30.976928: val_loss -0.7939
2026-10-08 22:14:30.978251: Pseudo dice [np.float32(0.9024), np.float32(0.8354), np.float32(0.7665), np.float32(0.8146)]
2026-10-08 22:14:30.979485: Epoch time: 175.03 s
2026-10-08 22:14:31.590969: 
2026-10-08 22:14:31.592372: Epoch 191
2026-10-08 22:14:31.593565: Current learning rate: 0.00571
2026-10-08 22:17:26.622577: train_loss -0.8443
2026-10-08 22:17:26.628324: val_loss -0.7997
2026-10-08 22:17:26.629661: Pseudo dice [np.float32(0.9035), np.float32(0.8268), np.float32(0.752), np.float32(0.8439)]
2026-10-08 22:17:26.631342: Epoch time: 175.03 s
2026-10-08 22:17:27.256741: 
2026-10-08 22:17:27.258172: Epoch 192
2026-10-08 22:17:27.259438: Current learning rate: 0.00569
2026-10-08 22:20:22.322970: train_loss -0.847
2026-10-08 22:20:22.326686: val_loss -0.8001
2026-10-08 22:20:22.328212: Pseudo dice [np.float32(0.9005), np.float32(0.8342), np.float32(0.7671), np.float32(0.831)]
2026-10-08 22:20:22.329379: Epoch time: 175.07 s
2026-10-08 22:20:22.948604: 
2026-10-08 22:20:22.950040: Epoch 193
2026-10-08 22:20:22.951184: Current learning rate: 0.00566
2026-10-08 22:23:18.030720: train_loss -0.8423
2026-10-08 22:23:18.035398: val_loss -0.8009
2026-10-08 22:23:18.036705: Pseudo dice [np.float32(0.897), np.float32(0.8447), np.float32(0.766), np.float32(0.8335)]
2026-10-08 22:23:18.037956: Epoch time: 175.08 s
2026-10-08 22:23:18.657328: 
2026-10-08 22:23:18.658981: Epoch 194
2026-10-08 22:23:18.660172: Current learning rate: 0.00564
2026-10-08 22:26:13.841065: train_loss -0.8395
2026-10-08 22:26:13.845803: val_loss -0.8108
2026-10-08 22:26:13.847234: Pseudo dice [np.float32(0.9093), np.float32(0.8454), np.float32(0.78), np.float32(0.8331)]
2026-10-08 22:26:13.848597: Epoch time: 175.19 s
2026-10-08 22:26:14.470310: 
2026-10-08 22:26:14.471595: Epoch 195
2026-10-08 22:26:14.472957: Current learning rate: 0.00562
2026-10-08 22:29:09.562611: train_loss -0.8344
2026-10-08 22:29:09.568106: val_loss -0.7933
2026-10-08 22:29:09.569749: Pseudo dice [np.float32(0.8995), np.float32(0.8352), np.float32(0.7602), np.float32(0.8231)]
2026-10-08 22:29:09.571100: Epoch time: 175.09 s
2026-10-08 22:29:10.480751: 
2026-10-08 22:29:10.482382: Epoch 196
2026-10-08 22:29:10.483501: Current learning rate: 0.00559
2026-10-08 22:32:05.726414: train_loss -0.8403
2026-10-08 22:32:05.731678: val_loss -0.7932
2026-10-08 22:32:05.733028: Pseudo dice [np.float32(0.8876), np.float32(0.8397), np.float32(0.7455), np.float32(0.8208)]
2026-10-08 22:32:05.734489: Epoch time: 175.25 s
2026-10-08 22:32:06.642453: 
2026-10-08 22:32:06.644358: Epoch 197
2026-10-08 22:32:06.646177: Current learning rate: 0.00557
2026-10-08 22:35:01.973130: train_loss -0.8457
2026-10-08 22:35:01.978211: val_loss -0.8147
2026-10-08 22:35:01.979581: Pseudo dice [np.float32(0.9008), np.float32(0.8496), np.float32(0.7739), np.float32(0.8322)]
2026-10-08 22:35:01.980910: Epoch time: 175.33 s
2026-10-08 22:35:02.603043: 
2026-10-08 22:35:02.606824: Epoch 198
2026-10-08 22:35:02.608240: Current learning rate: 0.00555
2026-10-08 22:37:57.709882: train_loss -0.8459
2026-10-08 22:37:57.713901: val_loss -0.7984
2026-10-08 22:37:57.715101: Pseudo dice [np.float32(0.901), np.float32(0.8308), np.float32(0.7838), np.float32(0.8395)]
2026-10-08 22:37:57.716047: Epoch time: 175.11 s
2026-10-08 22:37:58.337960: 
2026-10-08 22:37:58.339378: Epoch 199
2026-10-08 22:37:58.340589: Current learning rate: 0.00552
2026-10-08 22:40:53.295587: train_loss -0.8435
2026-10-08 22:40:53.299212: val_loss -0.7961
2026-10-08 22:40:53.300817: Pseudo dice [np.float32(0.8936), np.float32(0.8349), np.float32(0.7773), np.float32(0.8426)]
2026-10-08 22:40:53.301752: Epoch time: 174.96 s
2026-10-08 22:40:54.846610: 
2026-10-08 22:40:54.847843: Epoch 200
2026-10-08 22:40:54.849021: Current learning rate: 0.0055
2026-10-08 22:43:49.815295: train_loss -0.8459
2026-10-08 22:43:49.820408: val_loss -0.8194
2026-10-08 22:43:49.821622: Pseudo dice [np.float32(0.9082), np.float32(0.8404), np.float32(0.7839), np.float32(0.8424)]
2026-10-08 22:43:49.822999: Epoch time: 174.97 s
2026-10-08 22:43:50.444362: 
2026-10-08 22:43:50.446079: Epoch 201
2026-10-08 22:43:50.447546: Current learning rate: 0.00548
2026-10-08 22:46:45.563420: train_loss -0.8452
2026-10-08 22:46:45.573048: val_loss -0.7974
2026-10-08 22:46:45.574215: Pseudo dice [np.float32(0.905), np.float32(0.8358), np.float32(0.7684), np.float32(0.8237)]
2026-10-08 22:46:45.575274: Epoch time: 175.12 s
2026-10-08 22:46:46.196613: 
2026-10-08 22:46:46.197720: Epoch 202
2026-10-08 22:46:46.198661: Current learning rate: 0.00545
2026-10-08 22:49:41.109372: train_loss -0.8358
2026-10-08 22:49:41.113677: val_loss -0.8114
2026-10-08 22:49:41.114826: Pseudo dice [np.float32(0.9058), np.float32(0.8463), np.float32(0.7775), np.float32(0.8348)]
2026-10-08 22:49:41.116024: Epoch time: 174.92 s
2026-10-08 22:49:41.743083: 
2026-10-08 22:49:41.744641: Epoch 203
2026-10-08 22:49:41.745755: Current learning rate: 0.00543
2026-10-08 22:52:36.822456: train_loss -0.8349
2026-10-08 22:52:36.825987: val_loss -0.8057
2026-10-08 22:52:36.827058: Pseudo dice [np.float32(0.9007), np.float32(0.8367), np.float32(0.772), np.float32(0.8367)]
2026-10-08 22:52:36.828095: Epoch time: 175.08 s
2026-10-08 22:52:37.448084: 
2026-10-08 22:52:37.449310: Epoch 204
2026-10-08 22:52:37.451129: Current learning rate: 0.00541
2026-10-08 22:55:32.389781: train_loss -0.8357
2026-10-08 22:55:32.394382: val_loss -0.8015
2026-10-08 22:55:32.395527: Pseudo dice [np.float32(0.8916), np.float32(0.8412), np.float32(0.7844), np.float32(0.8269)]
2026-10-08 22:55:32.396757: Epoch time: 174.94 s
2026-10-08 22:55:33.020538: 
2026-10-08 22:55:33.021656: Epoch 205
2026-10-08 22:55:33.022704: Current learning rate: 0.00538
2026-10-08 22:58:27.884130: train_loss -0.8463
2026-10-08 22:58:27.888164: val_loss -0.799
2026-10-08 22:58:27.889393: Pseudo dice [np.float32(0.8922), np.float32(0.8356), np.float32(0.7627), np.float32(0.8454)]
2026-10-08 22:58:27.890584: Epoch time: 174.87 s
2026-10-08 22:58:28.491366: 
2026-10-08 22:58:28.492707: Epoch 206
2026-10-08 22:58:28.493851: Current learning rate: 0.00536
2026-10-08 23:01:23.585258: train_loss -0.8425
2026-10-08 23:01:23.590268: val_loss -0.8055
2026-10-08 23:01:23.591467: Pseudo dice [np.float32(0.8946), np.float32(0.8411), np.float32(0.7706), np.float32(0.821)]
2026-10-08 23:01:23.592596: Epoch time: 175.1 s
2026-10-08 23:01:24.194100: 
2026-10-08 23:01:24.195572: Epoch 207
2026-10-08 23:01:24.196776: Current learning rate: 0.00534
2026-10-08 23:04:19.385445: train_loss -0.8415
2026-10-08 23:04:19.388903: val_loss -0.8047
2026-10-08 23:04:19.390153: Pseudo dice [np.float32(0.8914), np.float32(0.8445), np.float32(0.7733), np.float32(0.849)]
2026-10-08 23:04:19.391325: Epoch time: 175.19 s
2026-10-08 23:04:19.990935: 
2026-10-08 23:04:19.992261: Epoch 208
2026-10-08 23:04:19.993490: Current learning rate: 0.00531
2026-10-08 23:07:15.065725: train_loss -0.8435
2026-10-08 23:07:15.070055: val_loss -0.7977
2026-10-08 23:07:15.071052: Pseudo dice [np.float32(0.8982), np.float32(0.8218), np.float32(0.7706), np.float32(0.8082)]
2026-10-08 23:07:15.071986: Epoch time: 175.08 s
2026-10-08 23:07:15.674888: 
2026-10-08 23:07:15.676011: Epoch 209
2026-10-08 23:07:15.676996: Current learning rate: 0.00529
2026-10-08 23:10:10.610389: train_loss -0.8422
2026-10-08 23:10:10.614462: val_loss -0.7973
2026-10-08 23:10:10.615510: Pseudo dice [np.float32(0.8937), np.float32(0.8425), np.float32(0.7704), np.float32(0.8352)]
2026-10-08 23:10:10.616473: Epoch time: 174.94 s
2026-10-08 23:10:11.485116: 
2026-10-08 23:10:11.486317: Epoch 210
2026-10-08 23:10:11.487376: Current learning rate: 0.00527
2026-10-08 23:13:06.471140: train_loss -0.8442
2026-10-08 23:13:06.474676: val_loss -0.8111
2026-10-08 23:13:06.475918: Pseudo dice [np.float32(0.9015), np.float32(0.8346), np.float32(0.7876), np.float32(0.8431)]
2026-10-08 23:13:06.477086: Epoch time: 174.99 s
2026-10-08 23:13:07.080036: 
2026-10-08 23:13:07.081533: Epoch 211
2026-10-08 23:13:07.082983: Current learning rate: 0.00524
2026-10-08 23:16:02.088707: train_loss -0.846
2026-10-08 23:16:02.092194: val_loss -0.8106
2026-10-08 23:16:02.093260: Pseudo dice [np.float32(0.8963), np.float32(0.8424), np.float32(0.7814), np.float32(0.833)]
2026-10-08 23:16:02.094258: Epoch time: 175.01 s
2026-10-08 23:16:02.695271: 
2026-10-08 23:16:02.697405: Epoch 212
2026-10-08 23:16:02.698790: Current learning rate: 0.00522
2026-10-08 23:18:57.710084: train_loss -0.8421
2026-10-08 23:18:57.713387: val_loss -0.805
2026-10-08 23:18:57.714413: Pseudo dice [np.float32(0.9081), np.float32(0.8218), np.float32(0.774), np.float32(0.837)]
2026-10-08 23:18:57.715505: Epoch time: 175.02 s
2026-10-08 23:18:58.328341: 
2026-10-08 23:18:58.340089: Epoch 213
2026-10-08 23:18:58.350383: Current learning rate: 0.00519
2026-10-08 23:21:53.403642: train_loss -0.844
2026-10-08 23:21:53.409150: val_loss -0.8199
2026-10-08 23:21:53.411822: Pseudo dice [np.float32(0.9033), np.float32(0.8486), np.float32(0.7702), np.float32(0.8421)]
2026-10-08 23:21:53.413821: Epoch time: 175.08 s
2026-10-08 23:21:54.023656: 
2026-10-08 23:21:54.026382: Epoch 214
2026-10-08 23:21:54.027857: Current learning rate: 0.00517
2026-10-08 23:24:49.159441: train_loss -0.849
2026-10-08 23:24:49.163592: val_loss -0.7996
2026-10-08 23:24:49.164625: Pseudo dice [np.float32(0.9142), np.float32(0.8204), np.float32(0.7628), np.float32(0.8403)]
2026-10-08 23:24:49.165704: Epoch time: 175.14 s
2026-10-08 23:24:49.767666: 
2026-10-08 23:24:49.769309: Epoch 215
2026-10-08 23:24:49.770437: Current learning rate: 0.00515
2026-10-08 23:27:44.874810: train_loss -0.849
2026-10-08 23:27:44.879519: val_loss -0.8141
2026-10-08 23:27:44.881918: Pseudo dice [np.float32(0.9021), np.float32(0.8446), np.float32(0.7787), np.float32(0.8453)]
2026-10-08 23:27:44.883385: Epoch time: 175.11 s
2026-10-08 23:27:45.487138: 
2026-10-08 23:27:45.488594: Epoch 216
2026-10-08 23:27:45.489779: Current learning rate: 0.00512
2026-10-08 23:30:40.482095: train_loss -0.8487
2026-10-08 23:30:40.485169: val_loss -0.8032
2026-10-08 23:30:40.486089: Pseudo dice [np.float32(0.8986), np.float32(0.8384), np.float32(0.7827), np.float32(0.8361)]
2026-10-08 23:30:40.486995: Epoch time: 175.0 s
2026-10-08 23:30:40.488037: Yayy! New best EMA pseudo Dice: 0.836899995803833
2026-10-08 23:30:41.805177: 
2026-10-08 23:30:41.806197: Epoch 217
2026-10-08 23:30:41.807103: Current learning rate: 0.0051
2026-10-08 23:33:36.853255: train_loss -0.8472
2026-10-08 23:33:36.856724: val_loss -0.8142
2026-10-08 23:33:36.858067: Pseudo dice [np.float32(0.9037), np.float32(0.8372), np.float32(0.7893), np.float32(0.8318)]
2026-10-08 23:33:36.859384: Epoch time: 175.05 s
2026-10-08 23:33:36.860614: Yayy! New best EMA pseudo Dice: 0.8371999859809875
2026-10-08 23:33:38.491212: 
2026-10-08 23:33:38.492684: Epoch 218
2026-10-08 23:33:38.494118: Current learning rate: 0.00508
2026-10-08 23:36:33.526995: train_loss -0.8478
2026-10-08 23:36:33.531167: val_loss -0.804
2026-10-08 23:36:33.532339: Pseudo dice [np.float32(0.8876), np.float32(0.8403), np.float32(0.7834), np.float32(0.8194)]
2026-10-08 23:36:33.533474: Epoch time: 175.04 s
2026-10-08 23:36:34.344895: 
2026-10-08 23:36:34.346059: Epoch 219
2026-10-08 23:36:34.347316: Current learning rate: 0.00505
2026-10-08 23:39:29.287485: train_loss -0.851
2026-10-08 23:39:29.291920: val_loss -0.8019
2026-10-08 23:39:29.293050: Pseudo dice [np.float32(0.9037), np.float32(0.8444), np.float32(0.7633), np.float32(0.8396)]
2026-10-08 23:39:29.294211: Epoch time: 174.95 s
2026-10-08 23:39:29.994324: 
2026-10-08 23:39:29.995476: Epoch 220
2026-10-08 23:39:29.996549: Current learning rate: 0.00503
2026-10-08 23:42:25.080152: train_loss -0.8502
2026-10-08 23:42:25.083626: val_loss -0.7926
2026-10-08 23:42:25.084725: Pseudo dice [np.float32(0.8848), np.float32(0.8367), np.float32(0.7747), np.float32(0.831)]
2026-10-08 23:42:25.085859: Epoch time: 175.09 s
2026-10-08 23:42:25.693503: 
2026-10-08 23:42:25.694573: Epoch 221
2026-10-08 23:42:25.695518: Current learning rate: 0.00501
2026-10-08 23:45:20.770554: train_loss -0.844
2026-10-08 23:45:20.776787: val_loss -0.8029
2026-10-08 23:45:20.777969: Pseudo dice [np.float32(0.8988), np.float32(0.8307), np.float32(0.7606), np.float32(0.8188)]
2026-10-08 23:45:20.779336: Epoch time: 175.08 s
2026-10-08 23:45:21.387311: 
2026-10-08 23:45:21.388790: Epoch 222
2026-10-08 23:45:21.390018: Current learning rate: 0.00498
2026-10-08 23:48:16.315765: train_loss -0.8536
2026-10-08 23:48:16.319358: val_loss -0.8181
2026-10-08 23:48:16.320651: Pseudo dice [np.float32(0.9045), np.float32(0.8421), np.float32(0.7792), np.float32(0.8449)]
2026-10-08 23:48:16.322424: Epoch time: 174.93 s
2026-10-08 23:48:16.933291: 
2026-10-08 23:48:16.935041: Epoch 223
2026-10-08 23:48:16.936876: Current learning rate: 0.00496
2026-10-08 23:51:11.844196: train_loss -0.8467
2026-10-08 23:51:11.849438: val_loss -0.7989
2026-10-08 23:51:11.850936: Pseudo dice [np.float32(0.8997), np.float32(0.8399), np.float32(0.7656), np.float32(0.8247)]
2026-10-08 23:51:11.852458: Epoch time: 174.91 s
2026-10-08 23:51:12.456554: 
2026-10-08 23:51:12.458384: Epoch 224
2026-10-08 23:51:12.459992: Current learning rate: 0.00494
2026-10-08 23:54:07.365264: train_loss -0.8499
2026-10-08 23:54:07.369087: val_loss -0.7986
2026-10-08 23:54:07.370650: Pseudo dice [np.float32(0.8942), np.float32(0.8276), np.float32(0.7598), np.float32(0.8286)]
2026-10-08 23:54:07.372719: Epoch time: 174.91 s
2026-10-08 23:54:08.705604: 
2026-10-08 23:54:08.707028: Epoch 225
2026-10-08 23:54:08.708257: Current learning rate: 0.00491
2026-10-08 23:57:03.612367: train_loss -0.8508
2026-10-08 23:57:03.615599: val_loss -0.8076
2026-10-08 23:57:03.616792: Pseudo dice [np.float32(0.9018), np.float32(0.8396), np.float32(0.7808), np.float32(0.835)]
2026-10-08 23:57:03.617752: Epoch time: 174.91 s
2026-10-08 23:57:04.220825: 
2026-10-08 23:57:04.222124: Epoch 226
2026-10-08 23:57:04.223257: Current learning rate: 0.00489
2026-10-08 23:59:59.392000: train_loss -0.8484
2026-10-08 23:59:59.395888: val_loss -0.8034
2026-10-08 23:59:59.396957: Pseudo dice [np.float32(0.8997), np.float32(0.8219), np.float32(0.7761), np.float32(0.8403)]
2026-10-08 23:59:59.398395: Epoch time: 175.17 s
2026-10-09 00:00:00.004371: 
2026-10-09 00:00:00.005553: Epoch 227
2026-10-09 00:00:00.006557: Current learning rate: 0.00486
2026-10-09 00:02:54.857998: train_loss -0.8549
2026-10-09 00:02:54.861567: val_loss -0.8211
2026-10-09 00:02:54.862598: Pseudo dice [np.float32(0.9056), np.float32(0.8495), np.float32(0.7944), np.float32(0.8335)]
2026-10-09 00:02:54.863793: Epoch time: 174.86 s
2026-10-09 00:02:55.465906: 
2026-10-09 00:02:55.467055: Epoch 228
2026-10-09 00:02:55.468053: Current learning rate: 0.00484
2026-10-09 00:05:50.351386: train_loss -0.8525
2026-10-09 00:05:50.354850: val_loss -0.7924
2026-10-09 00:05:50.355831: Pseudo dice [np.float32(0.8985), np.float32(0.8321), np.float32(0.7739), np.float32(0.8229)]
2026-10-09 00:05:50.356894: Epoch time: 174.89 s
2026-10-09 00:05:50.965013: 
2026-10-09 00:05:50.966243: Epoch 229
2026-10-09 00:05:50.967276: Current learning rate: 0.00482
2026-10-09 00:08:45.845825: train_loss -0.847
2026-10-09 00:08:45.851843: val_loss -0.8038
2026-10-09 00:08:45.853174: Pseudo dice [np.float32(0.8981), np.float32(0.8313), np.float32(0.7775), np.float32(0.8155)]
2026-10-09 00:08:45.855024: Epoch time: 174.88 s
2026-10-09 00:08:46.460330: 
2026-10-09 00:08:46.461824: Epoch 230
2026-10-09 00:08:46.463094: Current learning rate: 0.00479
2026-10-09 00:11:41.590216: train_loss -0.8487
2026-10-09 00:11:41.593992: val_loss -0.7993
2026-10-09 00:11:41.595069: Pseudo dice [np.float32(0.8887), np.float32(0.8315), np.float32(0.757), np.float32(0.8267)]
2026-10-09 00:11:41.596217: Epoch time: 175.13 s
2026-10-09 00:11:42.202219: 
2026-10-09 00:11:42.203568: Epoch 231
2026-10-09 00:11:42.204567: Current learning rate: 0.00477
2026-10-09 00:14:37.090709: train_loss -0.8461
2026-10-09 00:14:37.096076: val_loss -0.7812
2026-10-09 00:14:37.097368: Pseudo dice [np.float32(0.8919), np.float32(0.8207), np.float32(0.7435), np.float32(0.8242)]
2026-10-09 00:14:37.098602: Epoch time: 174.89 s
2026-10-09 00:14:37.707347: 
2026-10-09 00:14:37.708595: Epoch 232
2026-10-09 00:14:37.709812: Current learning rate: 0.00475
2026-10-09 00:17:32.627576: train_loss -0.8491
2026-10-09 00:17:32.632903: val_loss -0.8208
2026-10-09 00:17:32.634861: Pseudo dice [np.float32(0.9063), np.float32(0.842), np.float32(0.8019), np.float32(0.8376)]
2026-10-09 00:17:32.636718: Epoch time: 174.92 s
2026-10-09 00:17:33.242548: 
2026-10-09 00:17:33.243636: Epoch 233
2026-10-09 00:17:33.244602: Current learning rate: 0.00472
2026-10-09 00:20:28.300174: train_loss -0.8505
2026-10-09 00:20:28.303261: val_loss -0.8145
2026-10-09 00:20:28.304318: Pseudo dice [np.float32(0.9082), np.float32(0.8487), np.float32(0.7756), np.float32(0.8326)]
2026-10-09 00:20:28.305470: Epoch time: 175.06 s
2026-10-09 00:20:28.908255: 
2026-10-09 00:20:28.909673: Epoch 234
2026-10-09 00:20:28.910842: Current learning rate: 0.0047
2026-10-09 00:23:23.777373: train_loss -0.8535
2026-10-09 00:23:23.780607: val_loss -0.8147
2026-10-09 00:23:23.781818: Pseudo dice [np.float32(0.9036), np.float32(0.8365), np.float32(0.8024), np.float32(0.826)]
2026-10-09 00:23:23.782818: Epoch time: 174.87 s
2026-10-09 00:23:24.670751: 
2026-10-09 00:23:24.672408: Epoch 235
2026-10-09 00:23:24.673641: Current learning rate: 0.00467
2026-10-09 00:26:19.632555: train_loss -0.8483
2026-10-09 00:26:19.637736: val_loss -0.809
2026-10-09 00:26:19.639544: Pseudo dice [np.float32(0.9032), np.float32(0.8396), np.float32(0.784), np.float32(0.8317)]
2026-10-09 00:26:19.641367: Epoch time: 174.96 s
2026-10-09 00:26:20.244583: 
2026-10-09 00:26:20.247083: Epoch 236
2026-10-09 00:26:20.248808: Current learning rate: 0.00465
2026-10-09 00:29:15.373800: train_loss -0.855
2026-10-09 00:29:15.377071: val_loss -0.8062
2026-10-09 00:29:15.379134: Pseudo dice [np.float32(0.9048), np.float32(0.8508), np.float32(0.7708), np.float32(0.834)]
2026-10-09 00:29:15.380480: Epoch time: 175.13 s
2026-10-09 00:29:15.982891: 
2026-10-09 00:29:15.984600: Epoch 237
2026-10-09 00:29:15.985883: Current learning rate: 0.00463
2026-10-09 00:32:11.080415: train_loss -0.8548
2026-10-09 00:32:11.086449: val_loss -0.8015
2026-10-09 00:32:11.087687: Pseudo dice [np.float32(0.8954), np.float32(0.8403), np.float32(0.7706), np.float32(0.8252)]
2026-10-09 00:32:11.088917: Epoch time: 175.1 s
2026-10-09 00:32:11.688047: 
2026-10-09 00:32:11.689477: Epoch 238
2026-10-09 00:32:11.690618: Current learning rate: 0.0046
2026-10-09 00:35:06.657090: train_loss -0.8542
2026-10-09 00:35:06.660941: val_loss -0.8072
2026-10-09 00:35:06.662092: Pseudo dice [np.float32(0.8882), np.float32(0.8408), np.float32(0.7791), np.float32(0.8288)]
2026-10-09 00:35:06.663378: Epoch time: 174.97 s
2026-10-09 00:35:07.261626: 
2026-10-09 00:35:07.263251: Epoch 239
2026-10-09 00:35:07.264477: Current learning rate: 0.00458
2026-10-09 00:38:02.212122: train_loss -0.8616
2026-10-09 00:38:02.216038: val_loss -0.7995
2026-10-09 00:38:02.217119: Pseudo dice [np.float32(0.8949), np.float32(0.831), np.float32(0.7699), np.float32(0.827)]
2026-10-09 00:38:02.218125: Epoch time: 174.95 s
2026-10-09 00:38:02.827494: 
2026-10-09 00:38:02.828685: Epoch 240
2026-10-09 00:38:02.829817: Current learning rate: 0.00456
2026-10-09 00:40:57.763540: train_loss -0.8528
2026-10-09 00:40:57.766870: val_loss -0.8105
2026-10-09 00:40:57.768072: Pseudo dice [np.float32(0.8987), np.float32(0.8346), np.float32(0.7603), np.float32(0.8177)]
2026-10-09 00:40:57.769094: Epoch time: 174.94 s
2026-10-09 00:40:58.375253: 
2026-10-09 00:40:58.376447: Epoch 241
2026-10-09 00:40:58.377666: Current learning rate: 0.00453
2026-10-09 00:43:53.272838: train_loss -0.8588
2026-10-09 00:43:53.277302: val_loss -0.8106
2026-10-09 00:43:53.278518: Pseudo dice [np.float32(0.8983), np.float32(0.8441), np.float32(0.7781), np.float32(0.8319)]
2026-10-09 00:43:53.279514: Epoch time: 174.9 s
2026-10-09 00:43:54.114020: 
2026-10-09 00:43:54.115254: Epoch 242
2026-10-09 00:43:54.116655: Current learning rate: 0.00451
2026-10-09 00:46:49.128008: train_loss -0.857
2026-10-09 00:46:49.137082: val_loss -0.8213
2026-10-09 00:46:49.145856: Pseudo dice [np.float32(0.9014), np.float32(0.8454), np.float32(0.7916), np.float32(0.845)]
2026-10-09 00:46:49.154526: Epoch time: 175.02 s
2026-10-09 00:46:49.800514: 
2026-10-09 00:46:49.801819: Epoch 243
2026-10-09 00:46:49.803073: Current learning rate: 0.00448
2026-10-09 00:49:44.826891: train_loss -0.8566
2026-10-09 00:49:44.830329: val_loss -0.8138
2026-10-09 00:49:44.832097: Pseudo dice [np.float32(0.9062), np.float32(0.8459), np.float32(0.77), np.float32(0.8406)]
2026-10-09 00:49:44.833149: Epoch time: 175.03 s
2026-10-09 00:49:45.722009: 
2026-10-09 00:49:45.723419: Epoch 244
2026-10-09 00:49:45.724791: Current learning rate: 0.00446
2026-10-09 00:52:40.743135: train_loss -0.8605
2026-10-09 00:52:40.746903: val_loss -0.8197
2026-10-09 00:52:40.748129: Pseudo dice [np.float32(0.8938), np.float32(0.8524), np.float32(0.7614), np.float32(0.8466)]
2026-10-09 00:52:40.749309: Epoch time: 175.02 s
2026-10-09 00:52:41.364419: 
2026-10-09 00:52:41.365729: Epoch 245
2026-10-09 00:52:41.366965: Current learning rate: 0.00444
2026-10-09 00:55:36.372026: train_loss -0.8549
2026-10-09 00:55:36.375117: val_loss -0.8048
2026-10-09 00:55:36.376254: Pseudo dice [np.float32(0.891), np.float32(0.8356), np.float32(0.7746), np.float32(0.8191)]
2026-10-09 00:55:36.377653: Epoch time: 175.01 s
2026-10-09 00:55:36.980524: 
2026-10-09 00:55:36.981846: Epoch 246
2026-10-09 00:55:36.982921: Current learning rate: 0.00441
2026-10-09 00:58:32.009468: train_loss -0.8604
2026-10-09 00:58:32.015487: val_loss -0.8127
2026-10-09 00:58:32.016935: Pseudo dice [np.float32(0.9004), np.float32(0.8448), np.float32(0.7644), np.float32(0.8434)]
2026-10-09 00:58:32.018702: Epoch time: 175.03 s
2026-10-09 00:58:32.624558: 
2026-10-09 00:58:32.625987: Epoch 247
2026-10-09 00:58:32.627156: Current learning rate: 0.00439
2026-10-09 01:01:27.540606: train_loss -0.8571
2026-10-09 01:01:27.545064: val_loss -0.8177
2026-10-09 01:01:27.546812: Pseudo dice [np.float32(0.8972), np.float32(0.8462), np.float32(0.7814), np.float32(0.8322)]
2026-10-09 01:01:27.548016: Epoch time: 174.92 s
2026-10-09 01:01:28.153810: 
2026-10-09 01:01:28.155174: Epoch 248
2026-10-09 01:01:28.156402: Current learning rate: 0.00436
2026-10-09 01:04:23.123260: train_loss -0.8612
2026-10-09 01:04:23.127064: val_loss -0.8241
2026-10-09 01:04:23.128245: Pseudo dice [np.float32(0.9037), np.float32(0.8529), np.float32(0.778), np.float32(0.8483)]
2026-10-09 01:04:23.129293: Epoch time: 174.97 s
2026-10-09 01:04:23.130315: Yayy! New best EMA pseudo Dice: 0.8374999761581421
2026-10-09 01:04:24.466716: 
2026-10-09 01:04:24.467933: Epoch 249
2026-10-09 01:04:24.468995: Current learning rate: 0.00434
2026-10-09 01:07:19.470174: train_loss -0.867
2026-10-09 01:07:19.474095: val_loss -0.8188
2026-10-09 01:07:19.475544: Pseudo dice [np.float32(0.9049), np.float32(0.851), np.float32(0.7963), np.float32(0.8399)]
2026-10-09 01:07:19.476886: Epoch time: 175.01 s
2026-10-09 01:07:20.199063: Yayy! New best EMA pseudo Dice: 0.8385999798774719
2026-10-09 01:07:21.506986: 
2026-10-09 01:07:21.508317: Epoch 250
2026-10-09 01:07:21.509468: Current learning rate: 0.00432
2026-10-09 01:10:16.568964: train_loss -0.8601
2026-10-09 01:10:16.572694: val_loss -0.8005
2026-10-09 01:10:16.573945: Pseudo dice [np.float32(0.9003), np.float32(0.8355), np.float32(0.7793), np.float32(0.8223)]
2026-10-09 01:10:16.575071: Epoch time: 175.06 s
2026-10-09 01:10:17.189638: 
2026-10-09 01:10:17.191000: Epoch 251
2026-10-09 01:10:17.192064: Current learning rate: 0.00429
2026-10-09 01:13:12.220473: train_loss -0.8573
2026-10-09 01:13:12.224285: val_loss -0.8075
2026-10-09 01:13:12.225376: Pseudo dice [np.float32(0.8968), np.float32(0.8348), np.float32(0.762), np.float32(0.8321)]
2026-10-09 01:13:12.226650: Epoch time: 175.03 s
2026-10-09 01:13:12.990335: 
2026-10-09 01:13:12.991568: Epoch 252
2026-10-09 01:13:12.992693: Current learning rate: 0.00427
2026-10-09 01:16:08.052055: train_loss -0.8597
2026-10-09 01:16:08.056984: val_loss -0.8174
2026-10-09 01:16:08.057906: Pseudo dice [np.float32(0.9007), np.float32(0.8442), np.float32(0.7788), np.float32(0.8356)]
2026-10-09 01:16:08.058878: Epoch time: 175.06 s
2026-10-09 01:16:08.670124: 
2026-10-09 01:16:08.671345: Epoch 253
2026-10-09 01:16:08.672371: Current learning rate: 0.00424
2026-10-09 01:19:03.667591: train_loss -0.8613
2026-10-09 01:19:03.671094: val_loss -0.8042
2026-10-09 01:19:03.672040: Pseudo dice [np.float32(0.9009), np.float32(0.8262), np.float32(0.7872), np.float32(0.8246)]
2026-10-09 01:19:03.673003: Epoch time: 175.0 s
2026-10-09 01:19:04.289531: 
2026-10-09 01:19:04.290658: Epoch 254
2026-10-09 01:19:04.291532: Current learning rate: 0.00422
2026-10-09 01:21:59.238584: train_loss -0.8611
2026-10-09 01:21:59.242869: val_loss -0.8152
2026-10-09 01:21:59.244052: Pseudo dice [np.float32(0.9033), np.float32(0.8323), np.float32(0.7781), np.float32(0.8339)]
2026-10-09 01:21:59.245212: Epoch time: 174.95 s
2026-10-09 01:21:59.856573: 
2026-10-09 01:21:59.858245: Epoch 255
2026-10-09 01:21:59.859407: Current learning rate: 0.0042
2026-10-09 01:24:54.714093: train_loss -0.8637
2026-10-09 01:24:54.718642: val_loss -0.8002
2026-10-09 01:24:54.719682: Pseudo dice [np.float32(0.8951), np.float32(0.8365), np.float32(0.7746), np.float32(0.8207)]
2026-10-09 01:24:54.720601: Epoch time: 174.86 s
2026-10-09 01:24:55.431127: 
2026-10-09 01:24:55.432463: Epoch 256
2026-10-09 01:24:55.433446: Current learning rate: 0.00417
2026-10-09 01:27:50.264814: train_loss -0.8618
2026-10-09 01:27:50.268215: val_loss -0.82
2026-10-09 01:27:50.269297: Pseudo dice [np.float32(0.9065), np.float32(0.8511), np.float32(0.7801), np.float32(0.8342)]
2026-10-09 01:27:50.270268: Epoch time: 174.84 s
2026-10-09 01:27:51.092952: 
2026-10-09 01:27:51.094500: Epoch 257
2026-10-09 01:27:51.095582: Current learning rate: 0.00415
2026-10-09 01:30:46.117032: train_loss -0.8578
2026-10-09 01:30:46.120614: val_loss -0.8094
2026-10-09 01:30:46.121563: Pseudo dice [np.float32(0.9022), np.float32(0.8225), np.float32(0.7795), np.float32(0.832)]
2026-10-09 01:30:46.122534: Epoch time: 175.03 s
2026-10-09 01:30:46.731292: 
2026-10-09 01:30:46.732593: Epoch 258
2026-10-09 01:30:46.733595: Current learning rate: 0.00412
2026-10-09 01:33:41.695882: train_loss -0.859
2026-10-09 01:33:41.699283: val_loss -0.824
2026-10-09 01:33:41.700268: Pseudo dice [np.float32(0.9103), np.float32(0.8486), np.float32(0.7994), np.float32(0.8512)]
2026-10-09 01:33:41.701283: Epoch time: 174.97 s
2026-10-09 01:33:41.702218: Yayy! New best EMA pseudo Dice: 0.8385999798774719
2026-10-09 01:33:43.440742: 
2026-10-09 01:33:43.441923: Epoch 259
2026-10-09 01:33:43.442833: Current learning rate: 0.0041
2026-10-09 01:36:38.433619: train_loss -0.8621
2026-10-09 01:36:38.438677: val_loss -0.8044
2026-10-09 01:36:38.439710: Pseudo dice [np.float32(0.8978), np.float32(0.8322), np.float32(0.7513), np.float32(0.8307)]
2026-10-09 01:36:38.440900: Epoch time: 175.0 s
2026-10-09 01:36:39.057627: 
2026-10-09 01:36:39.059170: Epoch 260
2026-10-09 01:36:39.060562: Current learning rate: 0.00408
2026-10-09 01:39:34.218842: train_loss -0.8591
2026-10-09 01:39:34.222638: val_loss -0.8095
2026-10-09 01:39:34.223815: Pseudo dice [np.float32(0.8876), np.float32(0.8516), np.float32(0.7672), np.float32(0.8211)]
2026-10-09 01:39:34.225234: Epoch time: 175.16 s
2026-10-09 01:39:34.839468: 
2026-10-09 01:39:34.841214: Epoch 261
2026-10-09 01:39:34.842309: Current learning rate: 0.00405
2026-10-09 01:42:29.925506: train_loss -0.8599
2026-10-09 01:42:29.929532: val_loss -0.8277
2026-10-09 01:42:29.930917: Pseudo dice [np.float32(0.9014), np.float32(0.8438), np.float32(0.7983), np.float32(0.8229)]
2026-10-09 01:42:29.932117: Epoch time: 175.09 s
2026-10-09 01:42:30.538958: 
2026-10-09 01:42:30.540380: Epoch 262
2026-10-09 01:42:30.541571: Current learning rate: 0.00403
2026-10-09 01:45:25.627419: train_loss -0.8565
2026-10-09 01:45:25.631323: val_loss -0.8066
2026-10-09 01:45:25.632766: Pseudo dice [np.float32(0.8984), np.float32(0.8368), np.float32(0.7819), np.float32(0.825)]
2026-10-09 01:45:25.634131: Epoch time: 175.09 s
2026-10-09 01:45:26.242053: 
2026-10-09 01:45:26.243701: Epoch 263
2026-10-09 01:45:26.244638: Current learning rate: 0.004
2026-10-09 01:48:21.175898: train_loss -0.8575
2026-10-09 01:48:21.179037: val_loss -0.7959
2026-10-09 01:48:21.180764: Pseudo dice [np.float32(0.8978), np.float32(0.8242), np.float32(0.7657), np.float32(0.8267)]
2026-10-09 01:48:21.181732: Epoch time: 174.94 s
2026-10-09 01:48:21.791532: 
2026-10-09 01:48:21.792796: Epoch 264
2026-10-09 01:48:21.793807: Current learning rate: 0.00398
2026-10-09 01:51:16.834381: train_loss -0.8583
2026-10-09 01:51:16.839751: val_loss -0.8133
2026-10-09 01:51:16.840856: Pseudo dice [np.float32(0.907), np.float32(0.8368), np.float32(0.7861), np.float32(0.846)]
2026-10-09 01:51:16.841836: Epoch time: 175.05 s
2026-10-09 01:51:17.453737: 
2026-10-09 01:51:17.455047: Epoch 265
2026-10-09 01:51:17.456031: Current learning rate: 0.00396
2026-10-09 01:54:12.386554: train_loss -0.861
2026-10-09 01:54:12.391263: val_loss -0.8013
2026-10-09 01:54:12.392604: Pseudo dice [np.float32(0.8993), np.float32(0.8299), np.float32(0.7707), np.float32(0.8225)]
2026-10-09 01:54:12.393662: Epoch time: 174.94 s
2026-10-09 01:54:13.003373: 
2026-10-09 01:54:13.004796: Epoch 266
2026-10-09 01:54:13.005970: Current learning rate: 0.00393
2026-10-09 01:57:07.922307: train_loss -0.8622
2026-10-09 01:57:07.927968: val_loss -0.8032
2026-10-09 01:57:07.929303: Pseudo dice [np.float32(0.8978), np.float32(0.8377), np.float32(0.7682), np.float32(0.8382)]
2026-10-09 01:57:07.930585: Epoch time: 174.92 s
2026-10-09 01:57:08.538249: 
2026-10-09 01:57:08.539965: Epoch 267
2026-10-09 01:57:08.541268: Current learning rate: 0.00391
2026-10-09 02:00:03.599821: train_loss -0.8612
2026-10-09 02:00:03.603037: val_loss -0.8168
2026-10-09 02:00:03.604464: Pseudo dice [np.float32(0.9061), np.float32(0.829), np.float32(0.7816), np.float32(0.8414)]
2026-10-09 02:00:03.605847: Epoch time: 175.06 s
2026-10-09 02:00:04.214829: 
2026-10-09 02:00:04.216071: Epoch 268
2026-10-09 02:00:04.217179: Current learning rate: 0.00388
2026-10-09 02:02:59.146546: train_loss -0.8569
2026-10-09 02:02:59.151004: val_loss -0.8123
2026-10-09 02:02:59.151961: Pseudo dice [np.float32(0.9076), np.float32(0.8295), np.float32(0.7622), np.float32(0.8245)]
2026-10-09 02:02:59.152960: Epoch time: 174.93 s
2026-10-09 02:03:00.085043: 
2026-10-09 02:03:00.086383: Epoch 269
2026-10-09 02:03:00.087337: Current learning rate: 0.00386
2026-10-09 02:05:55.153548: train_loss -0.854
2026-10-09 02:05:55.157395: val_loss -0.8167
2026-10-09 02:05:55.158357: Pseudo dice [np.float32(0.9006), np.float32(0.8334), np.float32(0.7779), np.float32(0.8278)]
2026-10-09 02:05:55.159329: Epoch time: 175.07 s
2026-10-09 02:05:55.773659: 
2026-10-09 02:05:55.774966: Epoch 270
2026-10-09 02:05:55.776023: Current learning rate: 0.00383
2026-10-09 02:08:50.771358: train_loss -0.8563
2026-10-09 02:08:50.776258: val_loss -0.8164
2026-10-09 02:08:50.778632: Pseudo dice [np.float32(0.899), np.float32(0.8441), np.float32(0.7854), np.float32(0.831)]
2026-10-09 02:08:50.779863: Epoch time: 175.0 s
2026-10-09 02:08:51.390808: 
2026-10-09 02:08:51.392327: Epoch 271
2026-10-09 02:08:51.393494: Current learning rate: 0.00381
2026-10-09 02:11:46.512195: train_loss -0.8622
2026-10-09 02:11:46.517386: val_loss -0.8123
2026-10-09 02:11:46.518792: Pseudo dice [np.float32(0.8972), np.float32(0.8406), np.float32(0.7843), np.float32(0.8346)]
2026-10-09 02:11:46.520093: Epoch time: 175.12 s
2026-10-09 02:11:47.133431: 
2026-10-09 02:11:47.135046: Epoch 272
2026-10-09 02:11:47.136688: Current learning rate: 0.00379
2026-10-09 02:14:42.131697: train_loss -0.8621
2026-10-09 02:14:42.134845: val_loss -0.8071
2026-10-09 02:14:42.136353: Pseudo dice [np.float32(0.8999), np.float32(0.829), np.float32(0.7576), np.float32(0.8251)]
2026-10-09 02:14:42.137558: Epoch time: 175.0 s
2026-10-09 02:14:42.744345: 
2026-10-09 02:14:42.745927: Epoch 273
2026-10-09 02:14:42.747220: Current learning rate: 0.00376
2026-10-09 02:17:37.863982: train_loss -0.865
2026-10-09 02:17:37.868672: val_loss -0.8172
2026-10-09 02:17:37.870155: Pseudo dice [np.float32(0.9057), np.float32(0.8468), np.float32(0.7887), np.float32(0.8144)]
2026-10-09 02:17:37.871587: Epoch time: 175.12 s
2026-10-09 02:17:38.685991: 
2026-10-09 02:17:38.687582: Epoch 274
2026-10-09 02:17:38.688863: Current learning rate: 0.00374
2026-10-09 02:20:33.589842: train_loss -0.8644
2026-10-09 02:20:33.597766: val_loss -0.8177
2026-10-09 02:20:33.599032: Pseudo dice [np.float32(0.8961), np.float32(0.8447), np.float32(0.7818), np.float32(0.8392)]
2026-10-09 02:20:33.600316: Epoch time: 174.91 s
2026-10-09 02:20:34.941703: 
2026-10-09 02:20:34.943821: Epoch 275
2026-10-09 02:20:34.945815: Current learning rate: 0.00371
2026-10-09 02:23:29.827748: train_loss -0.864
2026-10-09 02:23:29.830661: val_loss -0.8126
2026-10-09 02:23:29.831769: Pseudo dice [np.float32(0.8996), np.float32(0.8413), np.float32(0.7801), np.float32(0.8409)]
2026-10-09 02:23:29.832875: Epoch time: 174.89 s
2026-10-09 02:23:30.444291: 
2026-10-09 02:23:30.445818: Epoch 276
2026-10-09 02:23:30.446947: Current learning rate: 0.00369
2026-10-09 02:26:25.331097: train_loss -0.8629
2026-10-09 02:26:25.335780: val_loss -0.8139
2026-10-09 02:26:25.336825: Pseudo dice [np.float32(0.9059), np.float32(0.8394), np.float32(0.8004), np.float32(0.8399)]
2026-10-09 02:26:25.337818: Epoch time: 174.89 s
2026-10-09 02:26:26.214178: 
2026-10-09 02:26:26.216790: Epoch 277
2026-10-09 02:26:26.217849: Current learning rate: 0.00366
2026-10-09 02:29:21.210086: train_loss -0.8643
2026-10-09 02:29:21.214970: val_loss -0.8184
2026-10-09 02:29:21.216015: Pseudo dice [np.float32(0.9122), np.float32(0.831), np.float32(0.7897), np.float32(0.8328)]
2026-10-09 02:29:21.217010: Epoch time: 175.0 s
2026-10-09 02:29:21.836409: 
2026-10-09 02:29:21.837944: Epoch 278
2026-10-09 02:29:21.839221: Current learning rate: 0.00364
2026-10-09 02:32:16.677050: train_loss -0.8613
2026-10-09 02:32:16.680039: val_loss -0.8112
2026-10-09 02:32:16.681104: Pseudo dice [np.float32(0.9081), np.float32(0.8384), np.float32(0.7791), np.float32(0.8411)]
2026-10-09 02:32:16.682035: Epoch time: 174.84 s
2026-10-09 02:32:17.290066: 
2026-10-09 02:32:17.291499: Epoch 279
2026-10-09 02:32:17.293169: Current learning rate: 0.00361
2026-10-09 02:35:12.104692: train_loss -0.8682
2026-10-09 02:35:12.109416: val_loss -0.82
2026-10-09 02:35:12.111534: Pseudo dice [np.float32(0.8944), np.float32(0.835), np.float32(0.7904), np.float32(0.8423)]
2026-10-09 02:35:12.113466: Epoch time: 174.82 s
2026-10-09 02:35:12.114861: Yayy! New best EMA pseudo Dice: 0.8388000130653381
2026-10-09 02:35:13.443908: 
2026-10-09 02:35:13.445658: Epoch 280
2026-10-09 02:35:13.447339: Current learning rate: 0.00359
2026-10-09 02:38:08.419653: train_loss -0.866
2026-10-09 02:38:08.422736: val_loss -0.8096
2026-10-09 02:38:08.423741: Pseudo dice [np.float32(0.8953), np.float32(0.8321), np.float32(0.7818), np.float32(0.8314)]
2026-10-09 02:38:08.424902: Epoch time: 174.98 s
2026-10-09 02:38:09.034702: 
2026-10-09 02:38:09.039685: Epoch 281
2026-10-09 02:38:09.040749: Current learning rate: 0.00357
2026-10-09 02:41:03.869621: train_loss -0.8619
2026-10-09 02:41:03.875525: val_loss -0.8151
2026-10-09 02:41:03.876626: Pseudo dice [np.float32(0.907), np.float32(0.853), np.float32(0.785), np.float32(0.8472)]
2026-10-09 02:41:03.877735: Epoch time: 174.84 s
2026-10-09 02:41:03.878913: Yayy! New best EMA pseudo Dice: 0.8393999934196472
2026-10-09 02:41:05.220991: 
2026-10-09 02:41:05.222295: Epoch 282
2026-10-09 02:41:05.223266: Current learning rate: 0.00354
2026-10-09 02:44:00.264325: train_loss -0.8677
2026-10-09 02:44:00.269288: val_loss -0.8138
2026-10-09 02:44:00.270543: Pseudo dice [np.float32(0.9058), np.float32(0.8379), np.float32(0.7685), np.float32(0.8312)]
2026-10-09 02:44:00.271870: Epoch time: 175.05 s
2026-10-09 02:44:00.890991: 
2026-10-09 02:44:00.892432: Epoch 283
2026-10-09 02:44:00.893482: Current learning rate: 0.00352
2026-10-09 02:46:55.798086: train_loss -0.8679
2026-10-09 02:46:55.803476: val_loss -0.8122
2026-10-09 02:46:55.804423: Pseudo dice [np.float32(0.8957), np.float32(0.8384), np.float32(0.7865), np.float32(0.8428)]
2026-10-09 02:46:55.806875: Epoch time: 174.91 s
2026-10-09 02:46:56.414775: 
2026-10-09 02:46:56.416244: Epoch 284
2026-10-09 02:46:56.417346: Current learning rate: 0.00349
2026-10-09 02:50:00.073015: train_loss -0.8608
2026-10-09 02:50:00.075966: val_loss -0.8294
2026-10-09 02:50:00.076887: Pseudo dice [np.float32(0.9093), np.float32(0.8589), np.float32(0.7924), np.float32(0.8409)]
2026-10-09 02:50:00.077804: Epoch time: 183.66 s
2026-10-09 02:50:00.078783: Yayy! New best EMA pseudo Dice: 0.8403000235557556
2026-10-09 02:50:01.683455: 
2026-10-09 02:50:01.684813: Epoch 285
2026-10-09 02:50:01.685819: Current learning rate: 0.00347
2026-10-09 02:52:56.694595: train_loss -0.8628
2026-10-09 02:52:56.697763: val_loss -0.8161
2026-10-09 02:52:56.698767: Pseudo dice [np.float32(0.9011), np.float32(0.8403), np.float32(0.7771), np.float32(0.8438)]
2026-10-09 02:52:56.699798: Epoch time: 175.01 s
2026-10-09 02:52:56.700864: Yayy! New best EMA pseudo Dice: 0.8403000235557556
2026-10-09 02:52:58.024807: 
2026-10-09 02:52:58.025959: Epoch 286
2026-10-09 02:52:58.026837: Current learning rate: 0.00344
2026-10-09 02:55:52.881730: train_loss -0.8598
2026-10-09 02:55:52.886174: val_loss -0.8113
2026-10-09 02:55:52.887357: Pseudo dice [np.float32(0.9008), np.float32(0.8395), np.float32(0.7763), np.float32(0.8373)]
2026-10-09 02:55:52.888278: Epoch time: 174.86 s
2026-10-09 02:55:53.695596: 
2026-10-09 02:55:53.696881: Epoch 287
2026-10-09 02:55:53.697864: Current learning rate: 0.00342
2026-10-09 02:58:48.543576: train_loss -0.8728
2026-10-09 02:58:48.546987: val_loss -0.8114
2026-10-09 02:58:48.548263: Pseudo dice [np.float32(0.9004), np.float32(0.8425), np.float32(0.7793), np.float32(0.8294)]
2026-10-09 02:58:48.549493: Epoch time: 174.85 s
2026-10-09 02:58:49.324179: 
2026-10-09 02:58:49.325727: Epoch 288
2026-10-09 02:58:49.327066: Current learning rate: 0.00339
2026-10-09 03:01:44.183761: train_loss -0.8696
2026-10-09 03:01:44.186497: val_loss -0.8107
2026-10-09 03:01:44.187405: Pseudo dice [np.float32(0.9076), np.float32(0.8336), np.float32(0.7901), np.float32(0.826)]
2026-10-09 03:01:44.188370: Epoch time: 174.86 s
2026-10-09 03:01:44.807941: 
2026-10-09 03:01:44.809065: Epoch 289
2026-10-09 03:01:44.809969: Current learning rate: 0.00337
2026-10-09 03:04:39.661183: train_loss -0.8712
2026-10-09 03:04:39.664801: val_loss -0.8107
2026-10-09 03:04:39.665822: Pseudo dice [np.float32(0.9017), np.float32(0.8383), np.float32(0.7766), np.float32(0.8433)]
2026-10-09 03:04:39.666743: Epoch time: 174.86 s
2026-10-09 03:04:40.276379: 
2026-10-09 03:04:40.277509: Epoch 290
2026-10-09 03:04:40.278408: Current learning rate: 0.00334
2026-10-09 03:07:35.071656: train_loss -0.8657
2026-10-09 03:07:35.076464: val_loss -0.8023
2026-10-09 03:07:35.077758: Pseudo dice [np.float32(0.9061), np.float32(0.8295), np.float32(0.7583), np.float32(0.8331)]
2026-10-09 03:07:35.079109: Epoch time: 174.8 s
2026-10-09 03:07:35.697213: 
2026-10-09 03:07:35.699244: Epoch 291
2026-10-09 03:07:35.700514: Current learning rate: 0.00332
2026-10-09 03:10:30.527173: train_loss -0.8686
2026-10-09 03:10:30.532866: val_loss -0.8111
2026-10-09 03:10:30.533842: Pseudo dice [np.float32(0.8976), np.float32(0.8382), np.float32(0.7758), np.float32(0.8316)]
2026-10-09 03:10:30.534882: Epoch time: 174.83 s
2026-10-09 03:10:31.149997: 
2026-10-09 03:10:31.151602: Epoch 292
2026-10-09 03:10:31.152534: Current learning rate: 0.0033
2026-10-09 03:13:25.945042: train_loss -0.8753
2026-10-09 03:13:25.948816: val_loss -0.8151
2026-10-09 03:13:25.950067: Pseudo dice [np.float32(0.9021), np.float32(0.8358), np.float32(0.793), np.float32(0.8372)]
2026-10-09 03:13:25.951231: Epoch time: 174.8 s
2026-10-09 03:13:26.867894: 
2026-10-09 03:13:26.869688: Epoch 293
2026-10-09 03:13:26.870935: Current learning rate: 0.00327
2026-10-09 03:16:21.786135: train_loss -0.864
2026-10-09 03:16:21.789006: val_loss -0.807
2026-10-09 03:16:21.789986: Pseudo dice [np.float32(0.9095), np.float32(0.849), np.float32(0.7746), np.float32(0.8138)]
2026-10-09 03:16:21.791065: Epoch time: 174.92 s
2026-10-09 03:16:22.409436: 
2026-10-09 03:16:22.410700: Epoch 294
2026-10-09 03:16:22.411721: Current learning rate: 0.00325
2026-10-09 03:19:17.537779: train_loss -0.8653
2026-10-09 03:19:17.541287: val_loss -0.8124
2026-10-09 03:19:17.542254: Pseudo dice [np.float32(0.9058), np.float32(0.8431), np.float32(0.7733), np.float32(0.8353)]
2026-10-09 03:19:17.543167: Epoch time: 175.13 s
2026-10-09 03:19:18.160393: 
2026-10-09 03:19:18.161955: Epoch 295
2026-10-09 03:19:18.162931: Current learning rate: 0.00322
2026-10-09 03:22:13.238660: train_loss -0.8636
2026-10-09 03:22:13.243853: val_loss -0.8114
2026-10-09 03:22:13.245012: Pseudo dice [np.float32(0.9059), np.float32(0.8453), np.float32(0.7699), np.float32(0.8229)]
2026-10-09 03:22:13.246181: Epoch time: 175.08 s
2026-10-09 03:22:13.869437: 
2026-10-09 03:22:13.871254: Epoch 296
2026-10-09 03:22:13.872350: Current learning rate: 0.0032
2026-10-09 03:25:08.919778: train_loss -0.8706
2026-10-09 03:25:08.923827: val_loss -0.8145
2026-10-09 03:25:08.924809: Pseudo dice [np.float32(0.9033), np.float32(0.8489), np.float32(0.7878), np.float32(0.8444)]
2026-10-09 03:25:08.925766: Epoch time: 175.05 s
2026-10-09 03:25:09.542146: 
2026-10-09 03:25:09.543370: Epoch 297
2026-10-09 03:25:09.544400: Current learning rate: 0.00317
2026-10-09 03:28:04.402429: train_loss -0.8729
2026-10-09 03:28:04.406472: val_loss -0.7986
2026-10-09 03:28:04.407851: Pseudo dice [np.float32(0.8882), np.float32(0.8419), np.float32(0.7795), np.float32(0.8186)]
2026-10-09 03:28:04.409097: Epoch time: 174.86 s
2026-10-09 03:28:05.030834: 
2026-10-09 03:28:05.032693: Epoch 298
2026-10-09 03:28:05.033881: Current learning rate: 0.00315
2026-10-09 03:31:00.027476: train_loss -0.873
2026-10-09 03:31:00.031571: val_loss -0.8098
2026-10-09 03:31:00.032739: Pseudo dice [np.float32(0.9058), np.float32(0.8385), np.float32(0.7684), np.float32(0.8264)]
2026-10-09 03:31:00.033998: Epoch time: 175.0 s
2026-10-09 03:31:00.648537: 
2026-10-09 03:31:00.650099: Epoch 299
2026-10-09 03:31:00.651242: Current learning rate: 0.00312
2026-10-09 03:33:55.664536: train_loss -0.8707
2026-10-09 03:33:55.669274: val_loss -0.8094
2026-10-09 03:33:55.670666: Pseudo dice [np.float32(0.905), np.float32(0.8356), np.float32(0.774), np.float32(0.8189)]
2026-10-09 03:33:55.671980: Epoch time: 175.02 s
2026-10-09 03:33:57.424253: 
2026-10-09 03:33:57.425697: Epoch 300
2026-10-09 03:33:57.427426: Current learning rate: 0.0031
2026-10-09 03:36:52.291465: train_loss -0.8687
2026-10-09 03:36:52.295184: val_loss -0.8197
2026-10-09 03:36:52.296531: Pseudo dice [np.float32(0.9103), np.float32(0.8548), np.float32(0.7829), np.float32(0.8433)]
2026-10-09 03:36:52.298022: Epoch time: 174.87 s
2026-10-09 03:36:52.912658: 
2026-10-09 03:36:52.914224: Epoch 301
2026-10-09 03:36:52.915347: Current learning rate: 0.00307
2026-10-09 03:39:47.961751: train_loss -0.8683
2026-10-09 03:39:47.967841: val_loss -0.8053
2026-10-09 03:39:47.969232: Pseudo dice [np.float32(0.9112), np.float32(0.846), np.float32(0.7708), np.float32(0.8344)]
2026-10-09 03:39:47.970395: Epoch time: 175.05 s
2026-10-09 03:39:48.576225: 
2026-10-09 03:39:48.578077: Epoch 302
2026-10-09 03:39:48.579362: Current learning rate: 0.00305
2026-10-09 03:42:43.579035: train_loss -0.8706
2026-10-09 03:42:43.582805: val_loss -0.8
2026-10-09 03:42:43.583905: Pseudo dice [np.float32(0.8905), np.float32(0.8282), np.float32(0.7624), np.float32(0.8136)]
2026-10-09 03:42:43.584943: Epoch time: 175.01 s
2026-10-09 03:42:44.203444: 
2026-10-09 03:42:44.205055: Epoch 303
2026-10-09 03:42:44.206248: Current learning rate: 0.00302
2026-10-09 03:45:39.221392: train_loss -0.8692
2026-10-09 03:45:39.225704: val_loss -0.8068
2026-10-09 03:45:39.226732: Pseudo dice [np.float32(0.906), np.float32(0.8364), np.float32(0.7695), np.float32(0.8247)]
2026-10-09 03:45:39.227944: Epoch time: 175.02 s
2026-10-09 03:45:39.844228: 
2026-10-09 03:45:39.845704: Epoch 304
2026-10-09 03:45:39.846839: Current learning rate: 0.003
2026-10-09 03:48:34.934597: train_loss -0.8722
2026-10-09 03:48:34.937691: val_loss -0.8058
2026-10-09 03:48:34.938836: Pseudo dice [np.float32(0.907), np.float32(0.8369), np.float32(0.7634), np.float32(0.8269)]
2026-10-09 03:48:34.940035: Epoch time: 175.09 s
2026-10-09 03:48:35.562619: 
2026-10-09 03:48:35.564011: Epoch 305
2026-10-09 03:48:35.564955: Current learning rate: 0.00297
2026-10-09 03:51:30.641711: train_loss -0.8706
2026-10-09 03:51:30.651837: val_loss -0.8048
2026-10-09 03:51:30.654176: Pseudo dice [np.float32(0.893), np.float32(0.8374), np.float32(0.7947), np.float32(0.8215)]
2026-10-09 03:51:30.656174: Epoch time: 175.08 s
2026-10-09 03:51:31.272033: 
2026-10-09 03:51:31.273217: Epoch 306
2026-10-09 03:51:31.274183: Current learning rate: 0.00295
2026-10-09 03:54:26.216969: train_loss -0.8741
2026-10-09 03:54:26.220152: val_loss -0.7905
2026-10-09 03:54:26.221435: Pseudo dice [np.float32(0.8851), np.float32(0.8343), np.float32(0.7646), np.float32(0.8223)]
2026-10-09 03:54:26.222473: Epoch time: 174.95 s
2026-10-09 03:54:26.846877: 
2026-10-09 03:54:26.848515: Epoch 307
2026-10-09 03:54:26.849601: Current learning rate: 0.00292
2026-10-09 03:57:21.847257: train_loss -0.8735
2026-10-09 03:57:21.852395: val_loss -0.8053
2026-10-09 03:57:21.853729: Pseudo dice [np.float32(0.8995), np.float32(0.8484), np.float32(0.7768), np.float32(0.8298)]
2026-10-09 03:57:21.855018: Epoch time: 175.0 s
2026-10-09 03:57:22.679400: 
2026-10-09 03:57:22.681118: Epoch 308
2026-10-09 03:57:22.682462: Current learning rate: 0.0029
2026-10-09 04:00:17.629501: train_loss -0.8727
2026-10-09 04:00:17.634226: val_loss -0.8116
2026-10-09 04:00:17.636110: Pseudo dice [np.float32(0.9067), np.float32(0.8468), np.float32(0.7946), np.float32(0.8404)]
2026-10-09 04:00:17.638685: Epoch time: 174.95 s
2026-10-09 04:00:18.255722: 
2026-10-09 04:00:18.257638: Epoch 309
2026-10-09 04:00:18.258846: Current learning rate: 0.00287
2026-10-09 04:03:13.251137: train_loss -0.8704
2026-10-09 04:03:13.254435: val_loss -0.82
2026-10-09 04:03:13.255518: Pseudo dice [np.float32(0.8986), np.float32(0.848), np.float32(0.7764), np.float32(0.828)]
2026-10-09 04:03:13.256870: Epoch time: 175.0 s
2026-10-09 04:03:13.873691: 
2026-10-09 04:03:13.874899: Epoch 310
2026-10-09 04:03:13.875960: Current learning rate: 0.00285
2026-10-09 04:06:08.833151: train_loss -0.872
2026-10-09 04:06:08.836764: val_loss -0.8085
2026-10-09 04:06:08.837750: Pseudo dice [np.float32(0.908), np.float32(0.828), np.float32(0.7636), np.float32(0.8337)]
2026-10-09 04:06:08.838672: Epoch time: 174.96 s
2026-10-09 04:06:09.458122: 
2026-10-09 04:06:09.459461: Epoch 311
2026-10-09 04:06:09.460677: Current learning rate: 0.00282
2026-10-09 04:09:04.380273: train_loss -0.8703
2026-10-09 04:09:04.384773: val_loss -0.8148
2026-10-09 04:09:04.387516: Pseudo dice [np.float32(0.9045), np.float32(0.8529), np.float32(0.7968), np.float32(0.8195)]
2026-10-09 04:09:04.388754: Epoch time: 174.92 s
2026-10-09 04:09:05.001209: 
2026-10-09 04:09:05.002851: Epoch 312
2026-10-09 04:09:05.004007: Current learning rate: 0.0028
2026-10-09 04:11:59.987414: train_loss -0.874
2026-10-09 04:11:59.990406: val_loss -0.8233
2026-10-09 04:11:59.991522: Pseudo dice [np.float32(0.8959), np.float32(0.8566), np.float32(0.795), np.float32(0.8268)]
2026-10-09 04:11:59.992608: Epoch time: 174.99 s
2026-10-09 04:12:00.612063: 
2026-10-09 04:12:00.613556: Epoch 313
2026-10-09 04:12:00.614733: Current learning rate: 0.00277
2026-10-09 04:14:55.606311: train_loss -0.8606
2026-10-09 04:14:55.610533: val_loss -0.8039
2026-10-09 04:14:55.611755: Pseudo dice [np.float32(0.8848), np.float32(0.8399), np.float32(0.7803), np.float32(0.8086)]
2026-10-09 04:14:55.612950: Epoch time: 175.0 s
2026-10-09 04:14:56.318741: 
2026-10-09 04:14:56.320221: Epoch 314
2026-10-09 04:14:56.321383: Current learning rate: 0.00275
2026-10-09 04:17:51.311430: train_loss -0.8695
2026-10-09 04:17:51.315781: val_loss -0.817
2026-10-09 04:17:51.317262: Pseudo dice [np.float32(0.8987), np.float32(0.8335), np.float32(0.7867), np.float32(0.8243)]
2026-10-09 04:17:51.318696: Epoch time: 175.0 s
2026-10-09 04:17:51.932372: 
2026-10-09 04:17:51.933760: Epoch 315
2026-10-09 04:17:51.934876: Current learning rate: 0.00272
2026-10-09 04:20:46.820148: train_loss -0.867
2026-10-09 04:20:46.823251: val_loss -0.8079
2026-10-09 04:20:46.824252: Pseudo dice [np.float32(0.906), np.float32(0.8372), np.float32(0.7832), np.float32(0.8484)]
2026-10-09 04:20:46.825287: Epoch time: 174.89 s
2026-10-09 04:20:47.438473: 
2026-10-09 04:20:47.440285: Epoch 316
2026-10-09 04:20:47.441774: Current learning rate: 0.0027
2026-10-09 04:23:42.451709: train_loss -0.8754
2026-10-09 04:23:42.455793: val_loss -0.7974
2026-10-09 04:23:42.456911: Pseudo dice [np.float32(0.8988), np.float32(0.829), np.float32(0.7538), np.float32(0.8123)]
2026-10-09 04:23:42.458280: Epoch time: 175.02 s
2026-10-09 04:23:43.075483: 
2026-10-09 04:23:43.076888: Epoch 317
2026-10-09 04:23:43.078063: Current learning rate: 0.00267
2026-10-09 04:26:38.136933: train_loss -0.8711
2026-10-09 04:26:38.142366: val_loss -0.8037
2026-10-09 04:26:38.143473: Pseudo dice [np.float32(0.8995), np.float32(0.8445), np.float32(0.76), np.float32(0.832)]
2026-10-09 04:26:38.144568: Epoch time: 175.06 s
2026-10-09 04:26:39.042245: 
2026-10-09 04:26:39.043960: Epoch 318
2026-10-09 04:26:39.046157: Current learning rate: 0.00264
2026-10-09 04:29:34.062819: train_loss -0.8724
2026-10-09 04:29:34.068368: val_loss -0.8025
2026-10-09 04:29:34.069595: Pseudo dice [np.float32(0.9017), np.float32(0.8304), np.float32(0.7586), np.float32(0.8212)]
2026-10-09 04:29:34.070996: Epoch time: 175.02 s
2026-10-09 04:29:34.694216: 
2026-10-09 04:29:34.696249: Epoch 319
2026-10-09 04:29:34.697981: Current learning rate: 0.00262
2026-10-09 04:32:29.643417: train_loss -0.8744
2026-10-09 04:32:29.647508: val_loss -0.8024
2026-10-09 04:32:29.648654: Pseudo dice [np.float32(0.8938), np.float32(0.8277), np.float32(0.7696), np.float32(0.8251)]
2026-10-09 04:32:29.650041: Epoch time: 174.95 s
2026-10-09 04:32:30.268222: 
2026-10-09 04:32:30.269555: Epoch 320
2026-10-09 04:32:30.270752: Current learning rate: 0.00259
2026-10-09 04:35:25.358226: train_loss -0.8699
2026-10-09 04:35:25.362715: val_loss -0.7966
2026-10-09 04:35:25.364091: Pseudo dice [np.float32(0.8955), np.float32(0.8392), np.float32(0.7592), np.float32(0.8097)]
2026-10-09 04:35:25.365362: Epoch time: 175.09 s
2026-10-09 04:35:25.984552: 
2026-10-09 04:35:25.985968: Epoch 321
2026-10-09 04:35:25.987196: Current learning rate: 0.00257
2026-10-09 04:38:20.920915: train_loss -0.8716
2026-10-09 04:38:20.924735: val_loss -0.8042
2026-10-09 04:38:20.925950: Pseudo dice [np.float32(0.9034), np.float32(0.8318), np.float32(0.7658), np.float32(0.8231)]
2026-10-09 04:38:20.927140: Epoch time: 174.94 s
2026-10-09 04:38:21.545393: 
2026-10-09 04:38:21.548582: Epoch 322
2026-10-09 04:38:21.551154: Current learning rate: 0.00254
2026-10-09 04:41:16.464985: train_loss -0.8671
2026-10-09 04:41:16.470108: val_loss -0.8077
2026-10-09 04:41:16.473509: Pseudo dice [np.float32(0.9061), np.float32(0.8367), np.float32(0.7594), np.float32(0.8362)]
2026-10-09 04:41:16.487704: Epoch time: 174.92 s
2026-10-09 04:41:17.123163: 
2026-10-09 04:41:17.124792: Epoch 323
2026-10-09 04:41:17.126533: Current learning rate: 0.00252
2026-10-09 04:44:12.172706: train_loss -0.8781
2026-10-09 04:44:12.175634: val_loss -0.8159
2026-10-09 04:44:12.176860: Pseudo dice [np.float32(0.8996), np.float32(0.84), np.float32(0.7807), np.float32(0.8439)]
2026-10-09 04:44:12.178024: Epoch time: 175.05 s
2026-10-09 04:44:12.799385: 
2026-10-09 04:44:12.800842: Epoch 324
2026-10-09 04:44:12.802227: Current learning rate: 0.00249
2026-10-09 04:47:07.752334: train_loss -0.8693
2026-10-09 04:47:07.757820: val_loss -0.7992
2026-10-09 04:47:07.759074: Pseudo dice [np.float32(0.8957), np.float32(0.8387), np.float32(0.7612), np.float32(0.8304)]
2026-10-09 04:47:07.760304: Epoch time: 174.96 s
2026-10-09 04:47:09.548890: 
2026-10-09 04:47:09.550683: Epoch 325
2026-10-09 04:47:09.551889: Current learning rate: 0.00247
2026-10-09 04:50:04.641612: train_loss -0.8746
2026-10-09 04:50:04.645048: val_loss -0.8143
2026-10-09 04:50:04.646195: Pseudo dice [np.float32(0.8929), np.float32(0.8523), np.float32(0.7861), np.float32(0.8309)]
2026-10-09 04:50:04.647459: Epoch time: 175.09 s
2026-10-09 04:50:05.538686: 
2026-10-09 04:50:05.541035: Epoch 326
2026-10-09 04:50:05.543485: Current learning rate: 0.00244
2026-10-09 04:53:00.511092: train_loss -0.8732
2026-10-09 04:53:00.516075: val_loss -0.8261
2026-10-09 04:53:00.517225: Pseudo dice [np.float32(0.9103), np.float32(0.8408), np.float32(0.7979), np.float32(0.8415)]
2026-10-09 04:53:00.518375: Epoch time: 174.97 s
2026-10-09 04:53:01.139199: 
2026-10-09 04:53:01.140741: Epoch 327
2026-10-09 04:53:01.141743: Current learning rate: 0.00242
2026-10-09 04:55:56.133118: train_loss -0.8752
2026-10-09 04:55:56.136596: val_loss -0.8113
2026-10-09 04:55:56.137557: Pseudo dice [np.float32(0.9052), np.float32(0.8406), np.float32(0.7894), np.float32(0.8328)]
2026-10-09 04:55:56.138742: Epoch time: 175.0 s
2026-10-09 04:55:56.974194: 
2026-10-09 04:55:56.975754: Epoch 328
2026-10-09 04:55:56.976795: Current learning rate: 0.00239
2026-10-09 04:58:51.960428: train_loss -0.8787
2026-10-09 04:58:51.964836: val_loss -0.8211
2026-10-09 04:58:51.966040: Pseudo dice [np.float32(0.9081), np.float32(0.8464), np.float32(0.7934), np.float32(0.836)]
2026-10-09 04:58:51.967278: Epoch time: 174.99 s
2026-10-09 04:58:52.589996: 
2026-10-09 04:58:52.591333: Epoch 329
2026-10-09 04:58:52.592330: Current learning rate: 0.00236
2026-10-09 05:01:47.687582: train_loss -0.875
2026-10-09 05:01:47.692606: val_loss -0.8121
2026-10-09 05:01:47.693856: Pseudo dice [np.float32(0.8953), np.float32(0.8392), np.float32(0.7811), np.float32(0.8374)]
2026-10-09 05:01:47.695192: Epoch time: 175.1 s
2026-10-09 05:01:48.315191: 
2026-10-09 05:01:48.316635: Epoch 330
2026-10-09 05:01:48.317795: Current learning rate: 0.00234
2026-10-09 05:04:43.427214: train_loss -0.8732
2026-10-09 05:04:43.430822: val_loss -0.8168
2026-10-09 05:04:43.432000: Pseudo dice [np.float32(0.9037), np.float32(0.844), np.float32(0.7795), np.float32(0.8403)]
2026-10-09 05:04:43.433276: Epoch time: 175.11 s
2026-10-09 05:04:44.056952: 
2026-10-09 05:04:44.058594: Epoch 331
2026-10-09 05:04:44.059862: Current learning rate: 0.00231
2026-10-09 05:07:38.965709: train_loss -0.8726
2026-10-09 05:07:38.970100: val_loss -0.8196
2026-10-09 05:07:38.971553: Pseudo dice [np.float32(0.9036), np.float32(0.8452), np.float32(0.7862), np.float32(0.8378)]
2026-10-09 05:07:38.972872: Epoch time: 174.91 s
2026-10-09 05:07:39.596231: 
2026-10-09 05:07:39.597634: Epoch 332
2026-10-09 05:07:39.598849: Current learning rate: 0.00229
2026-10-09 05:10:34.642183: train_loss -0.8751
2026-10-09 05:10:34.646463: val_loss -0.8267
2026-10-09 05:10:34.647715: Pseudo dice [np.float32(0.9056), np.float32(0.8488), np.float32(0.7843), np.float32(0.835)]
2026-10-09 05:10:34.649202: Epoch time: 175.05 s
2026-10-09 05:10:35.275395: 
2026-10-09 05:10:35.277248: Epoch 333
2026-10-09 05:10:35.278498: Current learning rate: 0.00226
2026-10-09 05:13:30.332160: train_loss -0.8731
2026-10-09 05:13:30.335328: val_loss -0.8133
2026-10-09 05:13:30.336253: Pseudo dice [np.float32(0.904), np.float32(0.842), np.float32(0.8015), np.float32(0.8418)]
2026-10-09 05:13:30.337190: Epoch time: 175.06 s
2026-10-09 05:13:30.956216: 
2026-10-09 05:13:30.957819: Epoch 334
2026-10-09 05:13:30.958869: Current learning rate: 0.00224
2026-10-09 05:16:25.949932: train_loss -0.873
2026-10-09 05:16:25.953149: val_loss -0.8051
2026-10-09 05:16:25.954207: Pseudo dice [np.float32(0.8928), np.float32(0.8423), np.float32(0.7843), np.float32(0.819)]
2026-10-09 05:16:25.955292: Epoch time: 175.0 s
2026-10-09 05:16:26.580830: 
2026-10-09 05:16:26.581946: Epoch 335
2026-10-09 05:16:26.582858: Current learning rate: 0.00221
2026-10-09 05:19:21.507391: train_loss -0.877
2026-10-09 05:19:21.511045: val_loss -0.8051
2026-10-09 05:19:21.512066: Pseudo dice [np.float32(0.8987), np.float32(0.8288), np.float32(0.7732), np.float32(0.8333)]
2026-10-09 05:19:21.513028: Epoch time: 174.93 s
2026-10-09 05:19:22.145531: 
2026-10-09 05:19:22.147026: Epoch 336
2026-10-09 05:19:22.148051: Current learning rate: 0.00218
2026-10-09 05:22:17.065604: train_loss -0.8712
2026-10-09 05:22:17.071852: val_loss -0.823
2026-10-09 05:22:17.074167: Pseudo dice [np.float32(0.9098), np.float32(0.8381), np.float32(0.7969), np.float32(0.8488)]
2026-10-09 05:22:17.076122: Epoch time: 174.92 s
2026-10-09 05:22:17.702177: 
2026-10-09 05:22:17.703382: Epoch 337
2026-10-09 05:22:17.704338: Current learning rate: 0.00216
2026-10-09 05:25:12.665831: train_loss -0.8749
2026-10-09 05:25:12.671790: val_loss -0.8141
2026-10-09 05:25:12.673227: Pseudo dice [np.float32(0.9108), np.float32(0.8441), np.float32(0.7661), np.float32(0.8321)]
2026-10-09 05:25:12.675019: Epoch time: 174.97 s
2026-10-09 05:25:13.303604: 
2026-10-09 05:25:13.305758: Epoch 338
2026-10-09 05:25:13.307692: Current learning rate: 0.00213
2026-10-09 05:28:08.332069: train_loss -0.8719
2026-10-09 05:28:08.335330: val_loss -0.8146
2026-10-09 05:28:08.336619: Pseudo dice [np.float32(0.9078), np.float32(0.8441), np.float32(0.7926), np.float32(0.8491)]
2026-10-09 05:28:08.337582: Epoch time: 175.03 s
2026-10-09 05:28:08.338726: Yayy! New best EMA pseudo Dice: 0.840499997138977
2026-10-09 05:28:09.881978: 
2026-10-09 05:28:09.885730: Epoch 339
2026-10-09 05:28:09.888126: Current learning rate: 0.00211
2026-10-09 05:31:04.821355: train_loss -0.8774
2026-10-09 05:31:04.824673: val_loss -0.8063
2026-10-09 05:31:04.825967: Pseudo dice [np.float32(0.9052), np.float32(0.8404), np.float32(0.7686), np.float32(0.8314)]
2026-10-09 05:31:04.827207: Epoch time: 174.94 s
2026-10-09 05:31:05.451359: 
2026-10-09 05:31:05.453847: Epoch 340
2026-10-09 05:31:05.455706: Current learning rate: 0.00208
2026-10-09 05:34:00.410513: train_loss -0.87
2026-10-09 05:34:00.414735: val_loss -0.8071
2026-10-09 05:34:00.415978: Pseudo dice [np.float32(0.8983), np.float32(0.8391), np.float32(0.7781), np.float32(0.8091)]
2026-10-09 05:34:00.417230: Epoch time: 174.96 s
2026-10-09 05:34:01.042936: 
2026-10-09 05:34:01.044967: Epoch 341
2026-10-09 05:34:01.046713: Current learning rate: 0.00205
2026-10-09 05:36:56.101540: train_loss -0.8778
2026-10-09 05:36:56.104665: val_loss -0.8208
2026-10-09 05:36:56.105858: Pseudo dice [np.float32(0.911), np.float32(0.8497), np.float32(0.7773), np.float32(0.8436)]
2026-10-09 05:36:56.107136: Epoch time: 175.06 s
2026-10-09 05:36:56.986070: 
2026-10-09 05:36:56.987659: Epoch 342
2026-10-09 05:36:56.989166: Current learning rate: 0.00203
2026-10-09 05:39:52.012680: train_loss -0.8806
2026-10-09 05:39:52.016636: val_loss -0.8064
2026-10-09 05:39:52.017650: Pseudo dice [np.float32(0.9058), np.float32(0.8465), np.float32(0.7665), np.float32(0.8389)]
2026-10-09 05:39:52.018705: Epoch time: 175.03 s
2026-10-09 05:39:52.645301: 
2026-10-09 05:39:52.646546: Epoch 343
2026-10-09 05:39:52.647595: Current learning rate: 0.002
2026-10-09 05:42:47.568827: train_loss -0.8734
2026-10-09 05:42:47.572442: val_loss -0.8052
2026-10-09 05:42:47.573691: Pseudo dice [np.float32(0.8897), np.float32(0.8349), np.float32(0.7656), np.float32(0.8399)]
2026-10-09 05:42:47.575049: Epoch time: 174.93 s
2026-10-09 05:42:48.207218: 
2026-10-09 05:42:48.209127: Epoch 344
2026-10-09 05:42:48.210418: Current learning rate: 0.00198
2026-10-09 05:45:43.313846: train_loss -0.876
2026-10-09 05:45:43.319363: val_loss -0.8245
2026-10-09 05:45:43.320349: Pseudo dice [np.float32(0.9066), np.float32(0.8456), np.float32(0.793), np.float32(0.8336)]
2026-10-09 05:45:43.321366: Epoch time: 175.11 s
2026-10-09 05:45:43.950062: 
2026-10-09 05:45:43.951530: Epoch 345
2026-10-09 05:45:43.952539: Current learning rate: 0.00195
2026-10-09 05:48:38.852848: train_loss -0.8811
2026-10-09 05:48:38.856143: val_loss -0.8163
2026-10-09 05:48:38.857249: Pseudo dice [np.float32(0.9097), np.float32(0.8454), np.float32(0.7846), np.float32(0.853)]
2026-10-09 05:48:38.858243: Epoch time: 174.91 s
2026-10-09 05:48:39.696067: 
2026-10-09 05:48:39.697390: Epoch 346
2026-10-09 05:48:39.698594: Current learning rate: 0.00192
2026-10-09 05:51:34.560189: train_loss -0.8764
2026-10-09 05:51:34.564995: val_loss -0.8227
2026-10-09 05:51:34.566021: Pseudo dice [np.float32(0.9055), np.float32(0.8527), np.float32(0.7802), np.float32(0.8455)]
2026-10-09 05:51:34.567045: Epoch time: 174.87 s
2026-10-09 05:51:34.568478: Yayy! New best EMA pseudo Dice: 0.8410000205039978
2026-10-09 05:51:35.925102: 
2026-10-09 05:51:35.926325: Epoch 347
2026-10-09 05:51:35.927346: Current learning rate: 0.0019
2026-10-09 05:54:30.972394: train_loss -0.8775
2026-10-09 05:54:30.975657: val_loss -0.8088
2026-10-09 05:54:30.976847: Pseudo dice [np.float32(0.9053), np.float32(0.8362), np.float32(0.7954), np.float32(0.8369)]
2026-10-09 05:54:30.978074: Epoch time: 175.05 s
2026-10-09 05:54:30.979619: Yayy! New best EMA pseudo Dice: 0.8411999940872192
2026-10-09 05:54:32.321293: 
2026-10-09 05:54:32.322719: Epoch 348
2026-10-09 05:54:32.324076: Current learning rate: 0.00187
2026-10-09 05:57:27.180731: train_loss -0.8788
2026-10-09 05:57:27.187978: val_loss -0.8106
2026-10-09 05:57:27.189524: Pseudo dice [np.float32(0.9072), np.float32(0.8575), np.float32(0.7766), np.float32(0.835)]
2026-10-09 05:57:27.190700: Epoch time: 174.86 s
2026-10-09 05:57:27.191802: Yayy! New best EMA pseudo Dice: 0.8414999842643738
2026-10-09 05:57:28.780183: 
2026-10-09 05:57:28.781735: Epoch 349
2026-10-09 05:57:28.782926: Current learning rate: 0.00185
2026-10-09 06:00:23.708788: train_loss -0.8777
2026-10-09 06:00:23.714498: val_loss -0.8163
2026-10-09 06:00:23.717291: Pseudo dice [np.float32(0.9048), np.float32(0.858), np.float32(0.7679), np.float32(0.826)]
2026-10-09 06:00:23.720095: Epoch time: 174.93 s
2026-10-09 06:00:25.512355: 
2026-10-09 06:00:25.513959: Epoch 350
2026-10-09 06:00:25.515105: Current learning rate: 0.00182
2026-10-09 06:03:20.474376: train_loss -0.8782
2026-10-09 06:03:20.477783: val_loss -0.8081
2026-10-09 06:03:20.478945: Pseudo dice [np.float32(0.8968), np.float32(0.8451), np.float32(0.7917), np.float32(0.8302)]
2026-10-09 06:03:20.480058: Epoch time: 174.96 s
2026-10-09 06:03:21.106741: 
2026-10-09 06:03:21.108257: Epoch 351
2026-10-09 06:03:21.109307: Current learning rate: 0.00179
2026-10-09 06:06:16.095864: train_loss -0.8769
2026-10-09 06:06:16.099010: val_loss -0.817
2026-10-09 06:06:16.099911: Pseudo dice [np.float32(0.9044), np.float32(0.8364), np.float32(0.7636), np.float32(0.8213)]
2026-10-09 06:06:16.100835: Epoch time: 174.99 s
2026-10-09 06:06:16.717853: 
2026-10-09 06:06:16.719369: Epoch 352
2026-10-09 06:06:16.720434: Current learning rate: 0.00177
2026-10-09 06:09:11.644435: train_loss -0.8814
2026-10-09 06:09:11.648495: val_loss -0.8049
2026-10-09 06:09:11.649549: Pseudo dice [np.float32(0.8978), np.float32(0.8443), np.float32(0.7773), np.float32(0.8311)]
2026-10-09 06:09:11.650538: Epoch time: 174.93 s
2026-10-09 06:09:12.270421: 
2026-10-09 06:09:12.271573: Epoch 353
2026-10-09 06:09:12.272657: Current learning rate: 0.00174
2026-10-09 06:12:07.262841: train_loss -0.8772
2026-10-09 06:12:07.267050: val_loss -0.8155
2026-10-09 06:12:07.268002: Pseudo dice [np.float32(0.8975), np.float32(0.8389), np.float32(0.7747), np.float32(0.8344)]
2026-10-09 06:12:07.268880: Epoch time: 174.99 s
2026-10-09 06:12:07.886880: 
2026-10-09 06:12:07.888062: Epoch 354
2026-10-09 06:12:07.888942: Current learning rate: 0.00171
2026-10-09 06:15:02.948743: train_loss -0.8754
2026-10-09 06:15:02.954315: val_loss -0.809
2026-10-09 06:15:02.955261: Pseudo dice [np.float32(0.8996), np.float32(0.8437), np.float32(0.7851), np.float32(0.8345)]
2026-10-09 06:15:02.956277: Epoch time: 175.06 s
2026-10-09 06:15:03.579743: 
2026-10-09 06:15:03.580809: Epoch 355
2026-10-09 06:15:03.581751: Current learning rate: 0.00169
2026-10-09 06:17:58.670380: train_loss -0.8745
2026-10-09 06:17:58.675284: val_loss -0.7995
2026-10-09 06:17:58.676323: Pseudo dice [np.float32(0.9081), np.float32(0.8428), np.float32(0.7507), np.float32(0.822)]
2026-10-09 06:17:58.677268: Epoch time: 175.09 s
2026-10-09 06:17:59.292490: 
2026-10-09 06:17:59.293669: Epoch 356
2026-10-09 06:17:59.294639: Current learning rate: 0.00166
2026-10-09 06:20:54.352852: train_loss -0.8755
2026-10-09 06:20:54.356563: val_loss -0.8233
2026-10-09 06:20:54.357531: Pseudo dice [np.float32(0.9053), np.float32(0.8442), np.float32(0.804), np.float32(0.8335)]
2026-10-09 06:20:54.358506: Epoch time: 175.06 s
2026-10-09 06:20:55.249200: 
2026-10-09 06:20:55.250536: Epoch 357
2026-10-09 06:20:55.251533: Current learning rate: 0.00163
2026-10-09 06:23:50.205217: train_loss -0.882
2026-10-09 06:23:50.210071: val_loss -0.8145
2026-10-09 06:23:50.210979: Pseudo dice [np.float32(0.9076), np.float32(0.8372), np.float32(0.7795), np.float32(0.8323)]
2026-10-09 06:23:50.212349: Epoch time: 174.96 s
2026-10-09 06:23:50.829049: 
2026-10-09 06:23:50.830969: Epoch 358
2026-10-09 06:23:50.832585: Current learning rate: 0.00161
2026-10-09 06:26:45.889482: train_loss -0.8784
2026-10-09 06:26:45.892359: val_loss -0.8162
2026-10-09 06:26:45.894673: Pseudo dice [np.float32(0.91), np.float32(0.8512), np.float32(0.7852), np.float32(0.8419)]
2026-10-09 06:26:45.895676: Epoch time: 175.06 s
2026-10-09 06:26:46.781000: 
2026-10-09 06:26:46.782393: Epoch 359
2026-10-09 06:26:46.783395: Current learning rate: 0.00158
2026-10-09 06:29:41.862900: train_loss -0.8832
2026-10-09 06:29:41.868071: val_loss -0.8152
2026-10-09 06:29:41.868993: Pseudo dice [np.float32(0.9114), np.float32(0.847), np.float32(0.7735), np.float32(0.831)]
2026-10-09 06:29:41.869916: Epoch time: 175.09 s
2026-10-09 06:29:42.589996: 
2026-10-09 06:29:42.591454: Epoch 360
2026-10-09 06:29:42.592469: Current learning rate: 0.00155
2026-10-09 06:32:37.572309: train_loss -0.8834
2026-10-09 06:32:37.577026: val_loss -0.8165
2026-10-09 06:32:37.577993: Pseudo dice [np.float32(0.9036), np.float32(0.8435), np.float32(0.7882), np.float32(0.8325)]
2026-10-09 06:32:37.578887: Epoch time: 174.98 s
2026-10-09 06:32:38.332949: 
2026-10-09 06:32:38.334247: Epoch 361
2026-10-09 06:32:38.335232: Current learning rate: 0.00153
2026-10-09 06:35:33.383665: train_loss -0.8803
2026-10-09 06:35:33.386936: val_loss -0.821
2026-10-09 06:35:33.387871: Pseudo dice [np.float32(0.9045), np.float32(0.8579), np.float32(0.7654), np.float32(0.8342)]
2026-10-09 06:35:33.388793: Epoch time: 175.05 s
2026-10-09 06:35:34.184549: 
2026-10-09 06:35:34.185718: Epoch 362
2026-10-09 06:35:34.186598: Current learning rate: 0.0015
2026-10-09 06:38:29.269521: train_loss -0.8792
2026-10-09 06:38:29.272894: val_loss -0.796
2026-10-09 06:38:29.274302: Pseudo dice [np.float32(0.9014), np.float32(0.8327), np.float32(0.7614), np.float32(0.8193)]
2026-10-09 06:38:29.275671: Epoch time: 175.09 s
2026-10-09 06:38:29.895184: 
2026-10-09 06:38:29.896864: Epoch 363
2026-10-09 06:38:29.898259: Current learning rate: 0.00147
2026-10-09 06:41:24.914159: train_loss -0.8812
2026-10-09 06:41:24.918535: val_loss -0.8137
2026-10-09 06:41:24.919834: Pseudo dice [np.float32(0.9101), np.float32(0.8434), np.float32(0.7929), np.float32(0.8285)]
2026-10-09 06:41:24.921163: Epoch time: 175.02 s
2026-10-09 06:41:25.545925: 
2026-10-09 06:41:25.548660: Epoch 364
2026-10-09 06:41:25.551561: Current learning rate: 0.00144
2026-10-09 06:44:20.609401: train_loss -0.8825
2026-10-09 06:44:20.613304: val_loss -0.8227
2026-10-09 06:44:20.614435: Pseudo dice [np.float32(0.9007), np.float32(0.8538), np.float32(0.793), np.float32(0.8432)]
2026-10-09 06:44:20.615594: Epoch time: 175.07 s
2026-10-09 06:44:21.232184: 
2026-10-09 06:44:21.233624: Epoch 365
2026-10-09 06:44:21.234850: Current learning rate: 0.00142
2026-10-09 06:47:16.376319: train_loss -0.8837
2026-10-09 06:47:16.379853: val_loss -0.8179
2026-10-09 06:47:16.381192: Pseudo dice [np.float32(0.9047), np.float32(0.8516), np.float32(0.7886), np.float32(0.8376)]
2026-10-09 06:47:16.382385: Epoch time: 175.15 s
2026-10-09 06:47:17.003293: 
2026-10-09 06:47:17.004803: Epoch 366
2026-10-09 06:47:17.006005: Current learning rate: 0.00139
2026-10-09 06:50:12.093138: train_loss -0.8862
2026-10-09 06:50:12.101089: val_loss -0.8127
2026-10-09 06:50:12.103872: Pseudo dice [np.float32(0.8965), np.float32(0.8457), np.float32(0.7798), np.float32(0.8381)]
2026-10-09 06:50:12.106007: Epoch time: 175.09 s
2026-10-09 06:50:12.726038: 
2026-10-09 06:50:12.728397: Epoch 367
2026-10-09 06:50:12.730452: Current learning rate: 0.00136
2026-10-09 06:53:07.685179: train_loss -0.8774
2026-10-09 06:53:07.691325: val_loss -0.8183
2026-10-09 06:53:07.692931: Pseudo dice [np.float32(0.9081), np.float32(0.8358), np.float32(0.7953), np.float32(0.8269)]
2026-10-09 06:53:07.694362: Epoch time: 174.96 s
2026-10-09 06:53:08.316360: 
2026-10-09 06:53:08.318017: Epoch 368
2026-10-09 06:53:08.320821: Current learning rate: 0.00134
2026-10-09 06:56:03.359498: train_loss -0.8801
2026-10-09 06:56:03.362958: val_loss -0.8136
2026-10-09 06:56:03.364595: Pseudo dice [np.float32(0.911), np.float32(0.8419), np.float32(0.7888), np.float32(0.8389)]
2026-10-09 06:56:03.365922: Epoch time: 175.05 s
2026-10-09 06:56:03.985969: 
2026-10-09 06:56:03.987552: Epoch 369
2026-10-09 06:56:03.988646: Current learning rate: 0.00131
2026-10-09 06:58:59.081458: train_loss -0.8792
2026-10-09 06:58:59.084937: val_loss -0.8226
2026-10-09 06:58:59.086105: Pseudo dice [np.float32(0.9085), np.float32(0.8442), np.float32(0.7919), np.float32(0.8434)]
2026-10-09 06:58:59.087240: Epoch time: 175.1 s
2026-10-09 06:58:59.088358: Yayy! New best EMA pseudo Dice: 0.8420000076293945
2026-10-09 06:59:00.439669: 
2026-10-09 06:59:00.441041: Epoch 370
2026-10-09 06:59:00.442249: Current learning rate: 0.00128
2026-10-09 07:01:55.329059: train_loss -0.8804
2026-10-09 07:01:55.333021: val_loss -0.8242
2026-10-09 07:01:55.334879: Pseudo dice [np.float32(0.907), np.float32(0.8518), np.float32(0.7887), np.float32(0.8433)]
2026-10-09 07:01:55.336246: Epoch time: 174.89 s
2026-10-09 07:01:55.337528: Yayy! New best EMA pseudo Dice: 0.8425999879837036
2026-10-09 07:01:56.669233: 
2026-10-09 07:01:56.670781: Epoch 371
2026-10-09 07:01:56.672150: Current learning rate: 0.00125
2026-10-09 07:04:51.492766: train_loss -0.8832
2026-10-09 07:04:51.496241: val_loss -0.8158
2026-10-09 07:04:51.497395: Pseudo dice [np.float32(0.907), np.float32(0.8568), np.float32(0.7817), np.float32(0.8383)]
2026-10-09 07:04:51.498436: Epoch time: 174.83 s
2026-10-09 07:04:51.499548: Yayy! New best EMA pseudo Dice: 0.8428999781608582
2026-10-09 07:04:52.832602: 
2026-10-09 07:04:52.834082: Epoch 372
2026-10-09 07:04:52.835382: Current learning rate: 0.00123
2026-10-09 07:07:47.687520: train_loss -0.8808
2026-10-09 07:07:47.691998: val_loss -0.8016
2026-10-09 07:07:47.693210: Pseudo dice [np.float32(0.9022), np.float32(0.8454), np.float32(0.7776), np.float32(0.8291)]
2026-10-09 07:07:47.694382: Epoch time: 174.86 s
2026-10-09 07:07:48.316458: 
2026-10-09 07:07:48.317984: Epoch 373
2026-10-09 07:07:48.319228: Current learning rate: 0.0012
2026-10-09 07:10:43.156816: train_loss -0.8833
2026-10-09 07:10:43.160058: val_loss -0.8132
2026-10-09 07:10:43.161302: Pseudo dice [np.float32(0.9098), np.float32(0.8481), np.float32(0.7824), np.float32(0.8289)]
2026-10-09 07:10:43.162452: Epoch time: 174.84 s
2026-10-09 07:10:43.777713: 
2026-10-09 07:10:43.779025: Epoch 374
2026-10-09 07:10:43.780135: Current learning rate: 0.00117
2026-10-09 07:13:38.785184: train_loss -0.8846
2026-10-09 07:13:38.789619: val_loss -0.8128
2026-10-09 07:13:38.790927: Pseudo dice [np.float32(0.908), np.float32(0.8454), np.float32(0.7684), np.float32(0.8457)]
2026-10-09 07:13:38.792192: Epoch time: 175.01 s
2026-10-09 07:13:40.137072: 
2026-10-09 07:13:40.138894: Epoch 375
2026-10-09 07:13:40.140318: Current learning rate: 0.00114
2026-10-09 07:16:35.015443: train_loss -0.886
2026-10-09 07:16:35.021851: val_loss -0.8028
2026-10-09 07:16:35.023918: Pseudo dice [np.float32(0.8911), np.float32(0.8396), np.float32(0.7634), np.float32(0.8255)]
2026-10-09 07:16:35.025274: Epoch time: 174.88 s
2026-10-09 07:16:35.641490: 
2026-10-09 07:16:35.642979: Epoch 376
2026-10-09 07:16:35.644150: Current learning rate: 0.00111
2026-10-09 07:19:30.563931: train_loss -0.8784
2026-10-09 07:19:30.570527: val_loss -0.8192
2026-10-09 07:19:30.571502: Pseudo dice [np.float32(0.8995), np.float32(0.8399), np.float32(0.7943), np.float32(0.8274)]
2026-10-09 07:19:30.572514: Epoch time: 174.92 s
2026-10-09 07:19:31.187099: 
2026-10-09 07:19:31.188448: Epoch 377
2026-10-09 07:19:31.189502: Current learning rate: 0.00109
2026-10-09 07:22:26.095486: train_loss -0.8839
2026-10-09 07:22:26.099172: val_loss -0.8188
2026-10-09 07:22:26.100465: Pseudo dice [np.float32(0.9108), np.float32(0.8624), np.float32(0.7842), np.float32(0.8349)]
2026-10-09 07:22:26.101684: Epoch time: 174.91 s
2026-10-09 07:22:26.721458: 
2026-10-09 07:22:26.723691: Epoch 378
2026-10-09 07:22:26.725124: Current learning rate: 0.00106
2026-10-09 07:25:21.593053: train_loss -0.8845
2026-10-09 07:25:21.597145: val_loss -0.8001
2026-10-09 07:25:21.598301: Pseudo dice [np.float32(0.9068), np.float32(0.8418), np.float32(0.7701), np.float32(0.8209)]
2026-10-09 07:25:21.599330: Epoch time: 174.87 s
2026-10-09 07:25:22.457601: 
2026-10-09 07:25:22.458885: Epoch 379
2026-10-09 07:25:22.460014: Current learning rate: 0.00103
2026-10-09 07:28:17.453674: train_loss -0.8846
2026-10-09 07:28:17.460912: val_loss -0.811
2026-10-09 07:28:17.466379: Pseudo dice [np.float32(0.9066), np.float32(0.8471), np.float32(0.7695), np.float32(0.821)]
2026-10-09 07:28:17.467591: Epoch time: 175.0 s
2026-10-09 07:28:18.184812: 
2026-10-09 07:28:18.186195: Epoch 380
2026-10-09 07:28:18.187354: Current learning rate: 0.001
2026-10-09 07:31:13.276995: train_loss -0.8861
2026-10-09 07:31:13.281273: val_loss -0.8143
2026-10-09 07:31:13.282509: Pseudo dice [np.float32(0.9033), np.float32(0.8418), np.float32(0.7853), np.float32(0.83)]
2026-10-09 07:31:13.283602: Epoch time: 175.09 s
2026-10-09 07:31:13.899966: 
2026-10-09 07:31:13.901356: Epoch 381
2026-10-09 07:31:13.902367: Current learning rate: 0.00097
2026-10-09 07:34:08.892406: train_loss -0.8844
2026-10-09 07:34:08.898418: val_loss -0.8135
2026-10-09 07:34:08.899710: Pseudo dice [np.float32(0.9109), np.float32(0.8369), np.float32(0.7833), np.float32(0.8288)]
2026-10-09 07:34:08.900971: Epoch time: 174.99 s
2026-10-09 07:34:09.522036: 
2026-10-09 07:34:09.523519: Epoch 382
2026-10-09 07:34:09.524857: Current learning rate: 0.00095
2026-10-09 07:37:04.351484: train_loss -0.8851
2026-10-09 07:37:04.354617: val_loss -0.816
2026-10-09 07:37:04.355608: Pseudo dice [np.float32(0.9052), np.float32(0.856), np.float32(0.7827), np.float32(0.8339)]
2026-10-09 07:37:04.356644: Epoch time: 174.83 s
2026-10-09 07:37:04.987221: 
2026-10-09 07:37:04.988404: Epoch 383
2026-10-09 07:37:04.989351: Current learning rate: 0.00092
2026-10-09 07:39:59.847813: train_loss -0.884
2026-10-09 07:39:59.852176: val_loss -0.817
2026-10-09 07:39:59.853703: Pseudo dice [np.float32(0.8969), np.float32(0.8509), np.float32(0.7947), np.float32(0.8344)]
2026-10-09 07:39:59.855398: Epoch time: 174.86 s
2026-10-09 07:40:00.476851: 
2026-10-09 07:40:00.478417: Epoch 384
2026-10-09 07:40:00.479783: Current learning rate: 0.00089
2026-10-09 07:42:55.308505: train_loss -0.8862
2026-10-09 07:42:55.313427: val_loss -0.8282
2026-10-09 07:42:55.315018: Pseudo dice [np.float32(0.9124), np.float32(0.8649), np.float32(0.8037), np.float32(0.8442)]
2026-10-09 07:42:55.318343: Epoch time: 174.83 s
2026-10-09 07:42:55.940830: 
2026-10-09 07:42:55.944438: Epoch 385
2026-10-09 07:42:55.945566: Current learning rate: 0.00086
2026-10-09 07:45:50.774767: train_loss -0.8821
2026-10-09 07:45:50.779143: val_loss -0.8141
2026-10-09 07:45:50.780570: Pseudo dice [np.float32(0.9074), np.float32(0.8503), np.float32(0.7821), np.float32(0.8269)]
2026-10-09 07:45:50.782057: Epoch time: 174.84 s
2026-10-09 07:45:51.405479: 
2026-10-09 07:45:51.407182: Epoch 386
2026-10-09 07:45:51.408395: Current learning rate: 0.00083
2026-10-09 07:48:46.516092: train_loss -0.8883
2026-10-09 07:48:46.519510: val_loss -0.8132
2026-10-09 07:48:46.520774: Pseudo dice [np.float32(0.8996), np.float32(0.8481), np.float32(0.7863), np.float32(0.8268)]
2026-10-09 07:48:46.522017: Epoch time: 175.11 s
2026-10-09 07:48:47.146557: 
2026-10-09 07:48:47.148163: Epoch 387
2026-10-09 07:48:47.149460: Current learning rate: 0.0008
2026-10-09 07:51:42.198622: train_loss -0.8903
2026-10-09 07:51:42.202999: val_loss -0.8035
2026-10-09 07:51:42.204211: Pseudo dice [np.float32(0.897), np.float32(0.8385), np.float32(0.7614), np.float32(0.8233)]
2026-10-09 07:51:42.205419: Epoch time: 175.05 s
2026-10-09 07:51:42.829180: 
2026-10-09 07:51:42.830716: Epoch 388
2026-10-09 07:51:42.831916: Current learning rate: 0.00077
2026-10-09 07:54:38.018941: train_loss -0.8898
2026-10-09 07:54:38.023099: val_loss -0.8233
2026-10-09 07:54:38.024678: Pseudo dice [np.float32(0.908), np.float32(0.8489), np.float32(0.7849), np.float32(0.8431)]
2026-10-09 07:54:38.026135: Epoch time: 175.19 s
2026-10-09 07:54:38.649302: 
2026-10-09 07:54:38.652295: Epoch 389
2026-10-09 07:54:38.654120: Current learning rate: 0.00074
2026-10-09 07:57:33.562893: train_loss -0.8857
2026-10-09 07:57:33.566574: val_loss -0.8207
2026-10-09 07:57:33.567622: Pseudo dice [np.float32(0.9055), np.float32(0.8489), np.float32(0.79), np.float32(0.8357)]
2026-10-09 07:57:33.568689: Epoch time: 174.92 s
2026-10-09 07:57:34.197268: 
2026-10-09 07:57:34.198449: Epoch 390
2026-10-09 07:57:34.199768: Current learning rate: 0.00072
2026-10-09 08:00:29.294205: train_loss -0.8826
2026-10-09 08:00:29.298412: val_loss -0.8155
2026-10-09 08:00:29.299726: Pseudo dice [np.float32(0.9066), np.float32(0.8524), np.float32(0.7678), np.float32(0.841)]
2026-10-09 08:00:29.301068: Epoch time: 175.1 s
2026-10-09 08:00:29.925157: 
2026-10-09 08:00:29.926551: Epoch 391
2026-10-09 08:00:29.927677: Current learning rate: 0.00069
2026-10-09 08:03:24.847897: train_loss -0.8869
2026-10-09 08:03:24.852017: val_loss -0.8096
2026-10-09 08:03:24.853420: Pseudo dice [np.float32(0.9033), np.float32(0.848), np.float32(0.7914), np.float32(0.8223)]
2026-10-09 08:03:24.855033: Epoch time: 174.93 s
2026-10-09 08:03:25.483576: 
2026-10-09 08:03:25.485810: Epoch 392
2026-10-09 08:03:25.487244: Current learning rate: 0.00066
2026-10-09 08:06:20.307476: train_loss -0.8884
2026-10-09 08:06:20.311255: val_loss -0.8125
2026-10-09 08:06:20.313379: Pseudo dice [np.float32(0.9041), np.float32(0.8398), np.float32(0.7722), np.float32(0.8378)]
2026-10-09 08:06:20.314971: Epoch time: 174.83 s
2026-10-09 08:06:20.940736: 
2026-10-09 08:06:20.942373: Epoch 393
2026-10-09 08:06:20.943596: Current learning rate: 0.00063
2026-10-09 08:09:15.869474: train_loss -0.8865
2026-10-09 08:09:15.873240: val_loss -0.8102
2026-10-09 08:09:15.874958: Pseudo dice [np.float32(0.9078), np.float32(0.8353), np.float32(0.7709), np.float32(0.8376)]
2026-10-09 08:09:15.876250: Epoch time: 174.93 s
2026-10-09 08:09:16.499083: 
2026-10-09 08:09:16.500711: Epoch 394
2026-10-09 08:09:16.502185: Current learning rate: 0.0006
2026-10-09 08:12:11.439507: train_loss -0.8866
2026-10-09 08:12:11.444685: val_loss -0.8033
2026-10-09 08:12:11.446259: Pseudo dice [np.float32(0.8952), np.float32(0.8412), np.float32(0.7677), np.float32(0.8309)]
2026-10-09 08:12:11.447743: Epoch time: 174.94 s
2026-10-09 08:12:12.071613: 
2026-10-09 08:12:12.073244: Epoch 395
2026-10-09 08:12:12.074486: Current learning rate: 0.00057
2026-10-09 08:15:07.020686: train_loss -0.8847
2026-10-09 08:15:07.024433: val_loss -0.8081
2026-10-09 08:15:07.026345: Pseudo dice [np.float32(0.8907), np.float32(0.8468), np.float32(0.7792), np.float32(0.8286)]
2026-10-09 08:15:07.027926: Epoch time: 174.95 s
2026-10-09 08:15:07.646260: 
2026-10-09 08:15:07.648473: Epoch 396
2026-10-09 08:15:07.649784: Current learning rate: 0.00054
2026-10-09 08:18:02.445479: train_loss -0.8854
2026-10-09 08:18:02.452890: val_loss -0.8221
2026-10-09 08:18:02.454241: Pseudo dice [np.float32(0.909), np.float32(0.8485), np.float32(0.7802), np.float32(0.8355)]
2026-10-09 08:18:02.455705: Epoch time: 174.8 s
2026-10-09 08:18:03.341000: 
2026-10-09 08:18:03.342624: Epoch 397
2026-10-09 08:18:03.344083: Current learning rate: 0.00051
2026-10-09 08:20:58.323127: train_loss -0.8863
2026-10-09 08:20:58.329564: val_loss -0.8041
2026-10-09 08:20:58.330931: Pseudo dice [np.float32(0.9059), np.float32(0.8482), np.float32(0.7677), np.float32(0.8372)]
2026-10-09 08:20:58.332680: Epoch time: 174.98 s
2026-10-09 08:20:58.953934: 
2026-10-09 08:20:58.955507: Epoch 398
2026-10-09 08:20:58.956743: Current learning rate: 0.00048
2026-10-09 08:23:53.869637: train_loss -0.8845
2026-10-09 08:23:53.873355: val_loss -0.8165
2026-10-09 08:23:53.874506: Pseudo dice [np.float32(0.9018), np.float32(0.8519), np.float32(0.7749), np.float32(0.8298)]
2026-10-09 08:23:53.875678: Epoch time: 174.92 s
2026-10-09 08:23:54.574209: 
2026-10-09 08:23:54.575691: Epoch 399
2026-10-09 08:23:54.576843: Current learning rate: 0.00045
2026-10-09 08:26:49.498883: train_loss -0.89
2026-10-09 08:26:49.503587: val_loss -0.8164
2026-10-09 08:26:49.506153: Pseudo dice [np.float32(0.9098), np.float32(0.8405), np.float32(0.7777), np.float32(0.8314)]
2026-10-09 08:26:49.508091: Epoch time: 174.93 s
2026-10-09 08:26:51.264917: 
2026-10-09 08:26:51.266731: Epoch 400
2026-10-09 08:26:51.268484: Current learning rate: 0.00041
2026-10-09 08:29:46.315489: train_loss -0.8884
2026-10-09 08:29:46.320671: val_loss -0.8124
2026-10-09 08:29:46.322377: Pseudo dice [np.float32(0.9075), np.float32(0.8373), np.float32(0.7749), np.float32(0.8152)]
2026-10-09 08:29:46.323713: Epoch time: 175.05 s
2026-10-09 08:29:46.970731: 
2026-10-09 08:29:46.973601: Epoch 401
2026-10-09 08:29:46.975427: Current learning rate: 0.00038
2026-10-09 08:32:41.960472: train_loss -0.892
2026-10-09 08:32:41.964574: val_loss -0.8261
2026-10-09 08:32:41.965888: Pseudo dice [np.float32(0.904), np.float32(0.8614), np.float32(0.7855), np.float32(0.8499)]
2026-10-09 08:32:41.967385: Epoch time: 174.99 s
2026-10-09 08:32:42.761358: 
2026-10-09 08:32:42.763920: Epoch 402
2026-10-09 08:32:42.765955: Current learning rate: 0.00035
2026-10-09 08:35:37.890198: train_loss -0.8867
2026-10-09 08:35:37.895244: val_loss -0.8129
2026-10-09 08:35:37.897501: Pseudo dice [np.float32(0.9068), np.float32(0.848), np.float32(0.7796), np.float32(0.8286)]
2026-10-09 08:35:37.899824: Epoch time: 175.13 s
2026-10-09 08:35:38.804203: 
2026-10-09 08:35:38.806337: Epoch 403
2026-10-09 08:35:38.807675: Current learning rate: 0.00032
2026-10-09 08:38:34.013958: train_loss -0.8893
2026-10-09 08:38:34.017717: val_loss -0.8088
2026-10-09 08:38:34.018967: Pseudo dice [np.float32(0.896), np.float32(0.8423), np.float32(0.7756), np.float32(0.8265)]
2026-10-09 08:38:34.020437: Epoch time: 175.21 s
2026-10-09 08:38:34.643734: 
2026-10-09 08:38:34.645247: Epoch 404
2026-10-09 08:38:34.646582: Current learning rate: 0.00029
2026-10-09 08:41:29.898674: train_loss -0.8861
2026-10-09 08:41:29.902195: val_loss -0.8243
2026-10-09 08:41:29.903648: Pseudo dice [np.float32(0.9004), np.float32(0.8486), np.float32(0.7824), np.float32(0.8341)]
2026-10-09 08:41:29.905033: Epoch time: 175.26 s
2026-10-09 08:41:30.806213: 
2026-10-09 08:41:30.807737: Epoch 405
2026-10-09 08:41:30.808940: Current learning rate: 0.00026
2026-10-09 08:44:25.672573: train_loss -0.8898
2026-10-09 08:44:25.676058: val_loss -0.8155
2026-10-09 08:44:25.677327: Pseudo dice [np.float32(0.9007), np.float32(0.8556), np.float32(0.7744), np.float32(0.8317)]
2026-10-09 08:44:25.678832: Epoch time: 174.87 s
2026-10-09 08:44:26.299802: 
2026-10-09 08:44:26.301224: Epoch 406
2026-10-09 08:44:26.303039: Current learning rate: 0.00022
2026-10-09 08:47:21.523013: train_loss -0.8913
2026-10-09 08:47:21.528265: val_loss -0.8055
2026-10-09 08:47:21.529776: Pseudo dice [np.float32(0.9057), np.float32(0.8565), np.float32(0.7788), np.float32(0.8235)]
2026-10-09 08:47:21.531412: Epoch time: 175.23 s
2026-10-09 08:47:22.155152: 
2026-10-09 08:47:22.157025: Epoch 407
2026-10-09 08:47:22.158226: Current learning rate: 0.00019
2026-10-09 08:50:17.130474: train_loss -0.8898
2026-10-09 08:50:17.134913: val_loss -0.8254
2026-10-09 08:50:17.136537: Pseudo dice [np.float32(0.9111), np.float32(0.8461), np.float32(0.7831), np.float32(0.8385)]
2026-10-09 08:50:17.138064: Epoch time: 174.98 s
2026-10-09 08:50:17.761035: 
2026-10-09 08:50:17.762648: Epoch 408
2026-10-09 08:50:17.763930: Current learning rate: 0.00015
2026-10-09 08:53:12.780291: train_loss -0.8909
2026-10-09 08:53:12.785280: val_loss -0.8253
2026-10-09 08:53:12.786907: Pseudo dice [np.float32(0.9038), np.float32(0.8548), np.float32(0.7904), np.float32(0.8452)]
2026-10-09 08:53:12.788357: Epoch time: 175.02 s
2026-10-09 08:53:13.708406: 
2026-10-09 08:53:13.709935: Epoch 409
2026-10-09 08:53:13.711057: Current learning rate: 0.00012
2026-10-09 08:56:08.968054: train_loss -0.8862
2026-10-09 08:56:08.974711: val_loss -0.816
2026-10-09 08:56:08.976026: Pseudo dice [np.float32(0.896), np.float32(0.8384), np.float32(0.7926), np.float32(0.8297)]
2026-10-09 08:56:08.977513: Epoch time: 175.26 s
2026-10-09 08:56:09.887921: 
2026-10-09 08:56:09.889624: Epoch 410
2026-10-09 08:56:09.890967: Current learning rate: 8e-05
2026-10-09 08:59:05.073328: train_loss -0.891
2026-10-09 08:59:05.078181: val_loss -0.8117
2026-10-09 08:59:05.080739: Pseudo dice [np.float32(0.9022), np.float32(0.842), np.float32(0.7838), np.float32(0.8314)]
2026-10-09 08:59:05.082955: Epoch time: 175.19 s
2026-10-09 08:59:05.970646: 
2026-10-09 08:59:05.972259: Epoch 411
2026-10-09 08:59:05.974190: Current learning rate: 4e-05
2026-10-09 09:02:01.113731: train_loss -0.8919
2026-10-09 09:02:01.116927: val_loss -0.8095
2026-10-09 09:02:01.118161: Pseudo dice [np.float32(0.9048), np.float32(0.8404), np.float32(0.7758), np.float32(0.8278)]
2026-10-09 09:02:01.119346: Epoch time: 175.15 s
2026-10-09 09:02:03.550843: Training done.
2026-10-09 09:02:03.569870: Using splits from existing split file: /scratch/croger/atlas/nnunet_preprocessed/Dataset713_AtlasProxy/splits_final.json
2026-10-09 09:02:03.571532: The split file contains 1 splits.
2026-10-09 09:02:03.573004: Desired fold for training: 0
2026-10-09 09:02:03.574217: This split has 560 training and 80 validation cases.
2026-10-09 09:02:03.576131: predicting c0001
2026-10-09 09:02:03.647100: c0001, shape torch.Size([1, 275, 380, 380]), rank 0
2026-10-09 09:02:19.241142: predicting c0021
2026-10-09 09:02:19.301609: c0021, shape torch.Size([1, 275, 350, 350]), rank 0
2026-10-09 09:02:20.717652: predicting c0024
2026-10-09 09:02:20.958061: c0024, shape torch.Size([1, 245, 424, 424]), rank 0
2026-10-09 09:02:22.688878: predicting c0038
2026-10-09 09:02:22.819340: c0038, shape torch.Size([1, 241, 388, 388]), rank 0
2026-10-09 09:02:24.417570: predicting c0039
2026-10-09 09:02:24.552305: c0039, shape torch.Size([1, 245, 386, 386]), rank 0
2026-10-09 09:02:26.125632: predicting c0093
2026-10-09 09:02:26.268780: c0093, shape torch.Size([1, 249, 370, 370]), rank 0
2026-10-09 09:02:27.167738: predicting c0095
2026-10-09 09:02:27.299259: c0095, shape torch.Size([1, 247, 326, 326]), rank 0
2026-10-09 09:02:28.120874: predicting c0097
2026-10-09 09:02:28.297734: c0097, shape torch.Size([1, 263, 346, 346]), rank 0
2026-10-09 09:02:29.626062: predicting c0106
2026-10-09 09:02:29.836105: c0106, shape torch.Size([1, 275, 362, 362]), rank 0
2026-10-09 09:02:31.198210: predicting c0110
2026-10-09 09:02:31.382446: c0110, shape torch.Size([1, 275, 340, 340]), rank 0
2026-10-09 09:03:13.868492: predicting c0121
2026-10-09 09:03:14.057642: c0121, shape torch.Size([1, 275, 382, 382]), rank 0
2026-10-09 09:03:15.542057: predicting c0133
2026-10-09 09:03:15.652532: c0133, shape torch.Size([1, 206, 326, 326]), rank 0
2026-10-09 09:03:16.471677: predicting c0135
2026-10-09 09:03:16.626038: c0135, shape torch.Size([1, 249, 326, 326]), rank 0
2026-10-09 09:03:17.457720: predicting c0145
2026-10-09 09:03:17.679967: c0145, shape torch.Size([1, 275, 362, 362]), rank 0
2026-10-09 09:03:19.037619: predicting c0152
2026-10-09 09:03:19.276558: c0152, shape torch.Size([1, 275, 386, 386]), rank 0
2026-10-09 09:03:21.981825: predicting c0163
2026-10-09 09:03:22.135753: c0163, shape torch.Size([1, 239, 350, 350]), rank 0
2026-10-09 09:03:22.998893: predicting c0165
2026-10-09 09:03:23.247495: c0165, shape torch.Size([1, 259, 406, 406]), rank 0
2026-10-09 09:03:25.954127: predicting c0178
2026-10-09 09:03:26.202838: c0178, shape torch.Size([1, 275, 382, 382]), rank 0
2026-10-09 09:03:58.592170: predicting c0181
2026-10-09 09:03:58.768805: c0181, shape torch.Size([1, 275, 376, 376]), rank 0
2026-10-09 09:04:07.191683: predicting c0182
2026-10-09 09:04:07.374766: c0182, shape torch.Size([1, 275, 392, 392]), rank 0
2026-10-09 09:04:10.231014: predicting c0186
2026-10-09 09:04:10.376086: c0186, shape torch.Size([1, 275, 338, 338]), rank 0
2026-10-09 09:04:11.704968: predicting c0189
2026-10-09 09:04:11.843179: c0189, shape torch.Size([1, 275, 326, 326]), rank 0
2026-10-09 09:04:13.182979: predicting c0223
2026-10-09 09:04:13.367348: c0223, shape torch.Size([1, 275, 358, 358]), rank 0
2026-10-09 09:04:14.733356: predicting c0224
2026-10-09 09:04:14.946168: c0224, shape torch.Size([1, 275, 354, 354]), rank 0
2026-10-09 09:04:16.302128: predicting c0225
2026-10-09 09:04:16.485475: c0225, shape torch.Size([1, 255, 374, 374]), rank 0
2026-10-09 09:04:18.164550: predicting c0226
2026-10-09 09:04:18.324110: c0226, shape torch.Size([1, 275, 344, 344]), rank 0
2026-10-09 09:04:52.091220: predicting c0252
2026-10-09 09:04:52.227012: c0252, shape torch.Size([1, 229, 352, 352]), rank 0
2026-10-09 09:05:03.701772: predicting c0288
2026-10-09 09:05:03.805182: c0288, shape torch.Size([1, 206, 326, 326]), rank 0
2026-10-09 09:05:05.229246: predicting c0297
2026-10-09 09:05:05.603877: c0297, shape torch.Size([1, 275, 476, 476]), rank 0
2026-10-09 09:05:08.486413: predicting c0311
2026-10-09 09:05:08.674016: c0311, shape torch.Size([1, 257, 390, 390]), rank 0
2026-10-09 09:05:11.377957: predicting c0364
2026-10-09 09:05:11.503887: c0364, shape torch.Size([1, 239, 326, 326]), rank 0
2026-10-09 09:05:12.325423: predicting c0368
2026-10-09 09:05:12.539874: c0368, shape torch.Size([1, 275, 394, 394]), rank 0
2026-10-09 09:05:15.342352: predicting c0378
2026-10-09 09:05:15.492335: c0378, shape torch.Size([1, 275, 326, 326]), rank 0
2026-10-09 09:05:16.831277: predicting c0398
2026-10-09 09:05:16.965797: c0398, shape torch.Size([1, 249, 364, 364]), rank 0
2026-10-09 09:05:44.300473: predicting c0400
2026-10-09 09:05:44.485292: c0400, shape torch.Size([1, 275, 354, 354]), rank 0
2026-10-09 09:05:48.094632: predicting c0401
2026-10-09 09:05:48.286522: c0401, shape torch.Size([1, 275, 360, 360]), rank 0
2026-10-09 09:05:52.756045: predicting c0424
2026-10-09 09:05:52.956188: c0424, shape torch.Size([1, 275, 374, 374]), rank 0
2026-10-09 09:05:58.949131: predicting c0456
2026-10-09 09:05:59.153386: c0456, shape torch.Size([1, 275, 386, 386]), rank 0
2026-10-09 09:06:01.976391: predicting c0483
2026-10-09 09:06:02.147949: c0483, shape torch.Size([1, 275, 364, 364]), rank 0
2026-10-09 09:06:03.892259: predicting c0514
2026-10-09 09:06:04.094546: c0514, shape torch.Size([1, 275, 384, 384]), rank 0
2026-10-09 09:06:06.878724: predicting c0558
2026-10-09 09:06:07.089408: c0558, shape torch.Size([1, 275, 368, 368]), rank 0
2026-10-09 09:06:12.270240: predicting c0560
2026-10-09 09:06:12.551880: c0560, shape torch.Size([1, 275, 410, 410]), rank 0
2026-10-09 09:06:39.312820: predicting c0564
2026-10-09 09:06:39.440408: c0564, shape torch.Size([1, 206, 326, 326]), rank 0
2026-10-09 09:06:40.353895: predicting c0566
2026-10-09 09:06:40.505145: c0566, shape torch.Size([1, 275, 336, 336]), rank 0
2026-10-09 09:06:48.756972: predicting c0572
2026-10-09 09:06:48.969044: c0572, shape torch.Size([1, 275, 378, 378]), rank 0
2026-10-09 09:06:54.629958: predicting c0578
2026-10-09 09:06:54.808312: c0578, shape torch.Size([1, 275, 344, 344]), rank 0
2026-10-09 09:06:56.452119: predicting c0581
2026-10-09 09:06:56.607732: c0581, shape torch.Size([1, 247, 326, 326]), rank 0
2026-10-09 09:07:00.567428: predicting c0582
2026-10-09 09:07:00.737832: c0582, shape torch.Size([1, 275, 366, 366]), rank 0
2026-10-09 09:07:02.992409: predicting c0591
2026-10-09 09:07:03.191221: c0591, shape torch.Size([1, 206, 348, 348]), rank 0
2026-10-09 09:07:08.867989: predicting c0593
2026-10-09 09:07:09.038049: c0593, shape torch.Size([1, 275, 332, 332]), rank 0
2026-10-09 09:07:30.429092: predicting c0606
2026-10-09 09:07:30.681153: c0606, shape torch.Size([1, 275, 428, 428]), rank 0
2026-10-09 09:07:35.935885: predicting c0613
2026-10-09 09:07:36.150020: c0613, shape torch.Size([1, 275, 378, 378]), rank 0
2026-10-09 09:07:37.675848: predicting c0643
2026-10-09 09:07:37.885919: c0643, shape torch.Size([1, 275, 382, 382]), rank 0
2026-10-09 09:07:50.097676: predicting c0646
2026-10-09 09:07:50.313779: c0646, shape torch.Size([1, 275, 370, 370]), rank 0
2026-10-09 09:07:52.382157: predicting c0669
2026-10-09 09:07:52.559797: c0669, shape torch.Size([1, 275, 338, 338]), rank 0
2026-10-09 09:07:53.985551: predicting c0708
2026-10-09 09:07:54.182893: c0708, shape torch.Size([1, 275, 382, 382]), rank 0
2026-10-09 09:07:56.247434: predicting c0717
2026-10-09 09:07:56.387255: c0717, shape torch.Size([1, 245, 358, 358]), rank 0
2026-10-09 09:08:04.709980: predicting c0733
2026-10-09 09:08:05.071148: c0733, shape torch.Size([1, 275, 444, 444]), rank 0
2026-10-09 09:08:12.359845: predicting c0741
2026-10-09 09:08:12.533452: c0741, shape torch.Size([1, 229, 326, 326]), rank 0
2026-10-09 09:08:31.628832: predicting c0744
2026-10-09 09:08:31.858507: c0744, shape torch.Size([1, 275, 410, 410]), rank 0
2026-10-09 09:08:34.613337: predicting c0776
2026-10-09 09:08:34.781703: c0776, shape torch.Size([1, 275, 364, 364]), rank 0
2026-10-09 09:08:46.550033: predicting c0792
2026-10-09 09:08:46.663637: c0792, shape torch.Size([1, 206, 348, 348]), rank 0
2026-10-09 09:08:48.520365: predicting c0815
2026-10-09 09:08:48.630277: c0815, shape torch.Size([1, 206, 326, 326]), rank 0
2026-10-09 09:08:49.507007: predicting c0826
2026-10-09 09:08:49.672481: c0826, shape torch.Size([1, 275, 344, 344]), rank 0
2026-10-09 09:08:51.615639: predicting c0833
2026-10-09 09:08:51.932962: c0833, shape torch.Size([1, 267, 402, 402]), rank 0
2026-10-09 09:09:01.577774: predicting c0848
2026-10-09 09:09:01.828012: c0848, shape torch.Size([1, 275, 346, 346]), rank 0
2026-10-09 09:09:03.180841: predicting c0866
2026-10-09 09:09:03.367825: c0866, shape torch.Size([1, 275, 370, 370]), rank 0
2026-10-09 09:09:20.641264: predicting c0878
2026-10-09 09:09:20.914412: c0878, shape torch.Size([1, 275, 386, 386]), rank 0
2026-10-09 09:09:28.917147: predicting c0899
2026-10-09 09:09:29.035045: c0899, shape torch.Size([1, 206, 326, 326]), rank 0
2026-10-09 09:09:31.074433: predicting c0924
2026-10-09 09:09:31.268284: c0924, shape torch.Size([1, 275, 378, 378]), rank 0
2026-10-09 09:09:33.228399: predicting c0928
2026-10-09 09:09:33.384011: c0928, shape torch.Size([1, 231, 360, 360]), rank 0
2026-10-09 09:09:43.388045: predicting c0935
2026-10-09 09:09:43.538085: c0935, shape torch.Size([1, 221, 370, 370]), rank 0
2026-10-09 09:09:44.502783: predicting c0938
2026-10-09 09:09:44.709477: c0938, shape torch.Size([1, 275, 384, 384]), rank 0
2026-10-09 09:09:57.046010: predicting c0950
2026-10-09 09:09:57.301164: c0950, shape torch.Size([1, 275, 352, 352]), rank 0
2026-10-09 09:09:58.689559: predicting c0956
2026-10-09 09:09:58.817702: c0956, shape torch.Size([1, 231, 350, 350]), rank 0
2026-10-09 09:10:15.188351: predicting c0960
2026-10-09 09:10:15.317748: c0960, shape torch.Size([1, 206, 366, 366]), rank 0
2026-10-09 09:10:16.202958: predicting c0964
2026-10-09 09:10:16.417676: c0964, shape torch.Size([1, 275, 396, 396]), rank 0
2026-10-09 09:10:25.031315: predicting c0965
2026-10-09 09:10:25.221848: c0965, shape torch.Size([1, 275, 338, 338]), rank 0
2026-10-09 09:10:28.046916: predicting c0973
2026-10-09 09:10:28.268413: c0973, shape torch.Size([1, 275, 378, 378]), rank 0
2026-10-09 09:10:31.942987: predicting c0988
2026-10-09 09:10:32.081562: c0988, shape torch.Size([1, 275, 326, 326]), rank 0
2026-10-09 09:12:19.641873: Validation complete
2026-10-09 09:12:19.643561: Mean Validation Dice:  0.8332350389002409
